-- phpMyAdmin SQL Dump
-- version 4.5.4.1deb2ubuntu2.1
-- http://www.phpmyadmin.net
--
-- Хост: localhost
-- Время создания: Апр 06 2020 г., 10:26
-- Версия сервера: 5.7.26-0ubuntu0.16.04.1
-- Версия PHP: 7.3.15-3+ubuntu16.04.1+deb.sury.org+1

SET SQL_MODE = "NO_AUTO_VALUE_ON_ZERO";
SET time_zone = "+00:00";


/*!40101 SET @OLD_CHARACTER_SET_CLIENT=@@CHARACTER_SET_CLIENT */;
/*!40101 SET @OLD_CHARACTER_SET_RESULTS=@@CHARACTER_SET_RESULTS */;
/*!40101 SET @OLD_COLLATION_CONNECTION=@@COLLATION_CONNECTION */;
/*!40101 SET NAMES utf8mb4 */;

--
-- База данных: `easy`
--

-- --------------------------------------------------------

--
-- Структура таблицы `addresses`
--

CREATE TABLE `addresses` (
  `id` int(10) UNSIGNED NOT NULL,
  `text` varchar(255) COLLATE utf8mb4_unicode_ci NOT NULL,
  `lng` varchar(255) COLLATE utf8mb4_unicode_ci NOT NULL,
  `lat` varchar(255) COLLATE utf8mb4_unicode_ci NOT NULL,
  `created_at` timestamp NULL DEFAULT NULL,
  `updated_at` timestamp NULL DEFAULT NULL
) ENGINE=InnoDB DEFAULT CHARSET=utf8mb4 COLLATE=utf8mb4_unicode_ci;

--
-- Дамп данных таблицы `addresses`
--

INSERT INTO `addresses` (`id`, `text`, `lng`, `lat`, `created_at`, `updated_at`) VALUES
(9, 'text', '78.456654', '42.546654', '2018-03-15 07:06:45', '2018-03-15 07:06:45'),
(10, 'text', '77.554654', '36.456546', '2018-03-15 07:06:45', '2018-03-15 07:06:45'),
(11, 'text', '78.456654', '42.546654', '2018-03-16 09:47:01', '2018-03-16 09:47:01'),
(12, 'text', '77.554654', '36.456546', '2018-03-16 09:47:01', '2018-03-16 09:47:01'),
(15, 'text', '78.456654', '42.546654', '2018-03-16 09:47:07', '2018-03-16 09:47:07'),
(16, 'text', '77.554654', '36.456546', '2018-03-16 09:47:07', '2018-03-16 09:47:07'),
(17, 'Алматы', '45.45654', '45.45654', '2018-03-20 05:21:20', '2018-03-20 05:21:20'),
(18, 'Астана', '45.45654', '45.45654', '2018-03-20 05:21:20', '2018-03-20 05:21:20'),
(19, 'my text', '45.45465', '45.45465', '2018-03-20 06:52:02', '2018-03-20 06:52:02'),
(20, 'my text', '45.45465', '45.45465', '2018-03-20 07:02:07', '2018-03-20 07:02:07'),
(21, 'my text', '45.45465', '45.45465', '2018-03-20 07:03:14', '2018-03-20 07:03:14'),
(22, 'my text', '45.45465', '45.45465', '2018-03-20 07:03:43', '2018-03-20 07:03:43'),
(23, 'text', '78.456654', '42.546654', '2018-04-12 13:02:30', '2018-04-12 13:02:30'),
(24, 'text', '77.554654', '36.456546', '2018-04-12 13:02:30', '2018-04-12 13:02:30'),
(25, 'text', '78.456654', '42.546654', '2018-04-12 13:02:41', '2018-04-12 13:02:41'),
(26, 'text', '77.554654', '36.456546', '2018-04-12 13:02:41', '2018-04-12 13:02:41'),
(27, 'Bukhar-Zhyrau Boulevard 122а, Almaty', '76.9068147987127', '43.2293876132339', '2018-04-12 13:03:11', '2018-04-12 13:03:11'),
(28, 'микрорайон 3 19/1, Almaty', '76.8514255061746', '43.2223829844914', '2018-04-12 13:03:11', '2018-04-12 13:03:11'),
(29, 'Bukhar-Zhyrau Boulevard 122а, Almaty', '76.9068147987127', '43.2293876132339', '2018-04-12 13:03:42', '2018-04-12 13:03:42'),
(30, 'микрорайон 3 19/1, Almaty', '76.8514255061746', '43.2223829844914', '2018-04-12 13:03:42', '2018-04-12 13:03:42'),
(31, 'Gagarin Street 135, Almaty', '76.8944551795721', '43.2310553447746', '2018-04-12 13:06:18', '2018-04-12 13:06:18'),
(32, 'Karasay District, Kazakhstan', '76.7873384803534', '43.2813967992644', '2018-04-12 13:06:19', '2018-04-12 13:06:19'),
(33, 'Zhetysu District, Almaty', '76.9141392409801', '43.2780642909067', '2018-04-12 13:14:34', '2018-04-12 13:14:34'),
(34, 'Sadovnikov Street, Almaty', '76.8596652522683', '43.2453951707391', '2018-04-12 13:14:35', '2018-04-12 13:14:35'),
(35, 'Rayimbek Avenue 417A, Almaty', '76.8550877273083', '43.2517304966401', '2018-04-12 13:18:04', '2018-04-12 13:18:04'),
(36, 'Zhambyl Street 151, Almaty', '76.9127659499645', '43.2453951707391', '2018-04-12 13:18:04', '2018-04-12 13:18:04'),
(37, 'Ulitsa Umbetbayeva, Almaty', '76.8954851478338', '43.247229264315', '2018-04-13 13:28:26', '2018-04-13 13:28:26'),
(38, 'Bostandyk District, Almaty', '76.9461825862527', '43.2353076460295', '2018-04-13 13:28:26', '2018-04-13 13:28:26'),
(39, 'my text', '45.45465', '45.45465', '2018-04-13 14:20:26', '2018-04-13 14:20:26'),
(40, 'Auezov Street 116, Almaty', '76.9053271785378', '43.2313887878947', '2018-04-13 16:27:44', '2018-04-13 16:27:44'),
(41, 'Begalin Street 96, Almaty', '76.9658663123846', '43.2417273063967', '2018-04-13 16:29:20', '2018-04-13 16:29:20'),
(42, 'Ulugbek Street 43, Almaty', '76.8514255061746', '43.2283870012639', '2018-04-13 16:29:22', '2018-04-13 16:29:22'),
(43, 'Алматы', '45.45654', '45.45654', '2018-04-16 05:26:51', '2018-04-16 05:26:51'),
(44, 'Астана', '45.45654', '45.45654', '2018-04-16 05:26:51', '2018-04-16 05:26:51'),
(45, 'Алматы', '45.45654', '45.45654', '2018-04-16 05:31:34', '2018-04-16 05:31:34'),
(46, 'Астана', '45.45654', '45.45654', '2018-04-16 05:31:34', '2018-04-16 05:31:34'),
(47, 'Nauryzbayskiy Rayon, Almaty', '76.7946629226208', '43.2157113240908', '2018-04-16 05:31:42', '2018-04-16 05:31:42'),
(48, 'Mochalov Street, Almaty', '76.8949131667614', '43.2697320994025', '2018-04-16 05:31:42', '2018-04-16 05:31:42'),
(49, 'Markov Street 46, Almaty', '76.9334796443582', '43.227886689119', '2018-04-16 06:00:13', '2018-04-16 06:00:13'),
(50, 'Abay Avenue 109B, Almaty', '76.9063571467996', '43.2405600791172', '2018-04-16 06:00:13', '2018-04-16 06:00:13'),
(51, 'проспект Достык 42, Алматы', '76.9561848789454', '43.2489963893232', '2018-04-16 08:04:05', '2018-04-16 08:04:05'),
(52, 'улица Досмухамедова 13, Алматы', '76.9235232844949', '43.2565647016644', '2018-04-16 08:04:05', '2018-04-16 08:04:05'),
(53, 'text', '78.456654', '42.546654', '2018-04-16 08:07:33', '2018-04-16 08:07:33'),
(54, 'text', '77.554654', '36.456546', '2018-04-16 08:07:33', '2018-04-16 08:07:33'),
(55, 'улица Бегалина 96, Алматы', '76.9654086604714', '43.2475626189343', '2018-04-16 08:10:55', '2018-04-16 08:10:55'),
(56, 'улица Варламова 33, Алматы', '76.8672183528543', '43.245561975407', '2018-04-16 08:10:55', '2018-04-16 08:10:55'),
(57, 'text', '78.456654', '42.546654', '2018-04-16 08:12:40', '2018-04-16 08:12:40'),
(58, 'text', '77.554654', '36.456546', '2018-04-16 08:12:40', '2018-04-16 08:12:40'),
(59, 'text', '78.456654', '42.546654', '2018-04-16 08:12:53', '2018-04-16 08:12:53'),
(60, 'text', '77.554654', '36.456546', '2018-04-16 08:12:53', '2018-04-16 08:12:53'),
(61, 'улица Минина, Алматы', '76.9260982051492', '43.2365582664029', '2018-04-16 08:29:30', '2018-04-16 08:29:30'),
(62, 'улица Амангельды 59, Алматы', '76.9319346919656', '43.2465623053841', '2018-04-16 08:31:14', '2018-04-16 08:31:14'),
(63, 'улица Муканова 134, Алматы', '76.9145968928933', '43.253439129291', '2018-04-16 08:31:14', '2018-04-16 08:31:14'),
(64, 'my text', '45.45465', '45.45465', '2018-04-16 08:37:01', '2018-04-16 08:37:01'),
(65, 'улица Ади Шарипова 124, Алматы', '76.9238666072488', '43.2410602872265', '2018-04-16 08:44:55', '2018-04-16 08:44:55'),
(66, 'Центральная, Алматы', '76.9969943538308', '43.2435612661718', '2018-04-16 09:09:26', '2018-04-16 09:09:26'),
(67, 'улица Кулымбетова 67A, Алматы', '76.8823245540261', '43.2450618042583', '2018-04-16 09:09:26', '2018-04-16 09:09:26'),
(68, 'Altynsarina, Almaty', '76.8175508826971', '43.213709634749', '2018-04-17 07:15:59', '2018-04-17 07:15:59'),
(69, 'Baribayev Street 31, Almaty', '76.9631197303534', '43.2597318660788', '2018-04-17 07:16:00', '2018-04-17 07:16:00'),
(70, 'Айманов көшесі 85, Almaty', '76.8961717933416', '43.2433944560256', '2018-04-17 07:16:56', '2018-04-17 07:16:56'),
(71, 'Zhambyl Street 102, Almaty', '76.9269565120339', '43.2468956636535', '2018-04-17 07:16:56', '2018-04-17 07:16:56'),
(72, 'Kuanyshbayev Street 42, Almaty, Kazakhstan', '76.8589786067605', '43.2324311217663', '2018-04-18 06:08:57', '2018-04-18 06:08:57'),
(73, 'Karasay Batyr Street 69, Almaty, Kazakhstan', '76.9389728084207', '43.2504384288871', '2018-04-18 06:08:57', '2018-04-18 06:08:57'),
(74, 'Shevchenko Street 118-126, Almaty, Kazakhstan', '76.9254115596414', '43.2441864948662', '2018-04-18 06:16:02', '2018-04-18 06:16:02'),
(75, 'Aitiev Street 51, Almaty, Kazakhstan', '76.9051555171609', '43.2460621424489', '2018-04-18 06:16:02', '2018-04-18 06:16:02'),
(76, 'Восточная Объездная Автодорога, Алматы', '76.9846347346902', '43.2640654208309', '2018-04-18 11:55:36', '2018-04-18 11:55:36'),
(77, 'улица Шынгыстау, Алматы', '76.8349460139871', '43.2765645659818', '2018-04-18 11:55:36', '2018-04-18 11:55:36'),
(78, 'Малая Станица, Алматы', '76.9585422053933', '43.2735650052429', '2018-04-18 11:59:00', '2018-04-18 11:59:00'),
(79, 'улица Дуйсенова, Алматы', '76.8665317073464', '43.2515637088641', '2018-04-18 11:59:00', '2018-04-18 11:59:00'),
(80, 'проспект Абылай Хана 51/53, Алматы', '76.941204406321', '43.2628153651399', '2018-04-18 12:00:57', '2018-04-18 12:00:57'),
(81, 'улица Нурмакова 13, Алматы', '76.9061854854226', '43.2579399026866', '2018-04-18 12:00:57', '2018-04-18 12:00:57'),
(82, 'text', '78.456654', '42.546654', '2018-04-19 12:27:08', '2018-04-19 12:27:08'),
(83, 'uvuiug', '76.9072697684169', '43.23766670495732', '2018-04-20 12:44:22', '2018-04-20 12:44:22'),
(84, 'text', '78.456654', '42.546654', '2018-04-20 12:46:47', '2018-04-20 12:46:47'),
(85, 'улица Богенбай Батыра 293, Алматы', '76.8915942683816', '43.2494381625648', '2018-04-26 06:54:26', '2018-04-26 06:54:26'),
(86, 'улица Байтурсынова 68, Алматы', '76.9269565120339', '43.2459371010734', '2018-04-26 06:57:02', '2018-04-26 06:57:02'),
(87, 'uvuvu', '76.91954489797354', '43.23677126012727', '2018-04-26 09:35:11', '2018-04-26 09:35:11'),
(88, 'улица Курмангазы 108-112, Алматы', '76.9248965755105', '43.2430610785961', '2018-04-26 09:57:05', '2018-04-26 09:57:05'),
(89, 'улица Курмангазы 100, Алматы', '76.9300464168191', '43.2433111728973', '2018-04-26 10:22:06', '2018-04-26 10:22:06'),
(90, 'улица Курмангазы 108-112, Алматы', '76.9254115596414', '43.242185740457', '2018-04-26 13:24:14', '2018-04-26 13:24:14'),
(91, 'Жибек Жолы 103, Алматы', '76.9398311153054', '43.2613152644287', '2018-04-26 13:42:39', '2018-04-26 13:42:39'),
(92, 'проспект Сейфуллина 88, Алматы', '76.9326947629452', '43.2537560891736', '2018-04-26 13:44:21', '2018-04-26 13:44:21'),
(93, 'Алматы', '45.45654', '45.45654', '2018-04-26 13:48:38', '2018-04-26 13:48:38'),
(94, 'Астана', '45.45654', '45.45654', '2018-04-26 13:48:39', '2018-04-26 13:48:39'),
(95, 'Алматы', '45.45654', '45.45654', '2018-04-26 13:49:07', '2018-04-26 13:49:07'),
(96, 'Астана', '45.45654', '45.45654', '2018-04-26 13:49:07', '2018-04-26 13:49:07'),
(97, 'улица Масанчи 86-88, Алматы', '76.9295314326882', '43.2443115398351', '2018-04-27 00:24:50', '2018-04-27 00:24:50'),
(98, 'улица Толе Би 187, Алматы', '76.9000056758523', '43.2523138839651', '2018-04-27 00:24:50', '2018-04-27 00:24:50'),
(101, 'ivuvv', '43.240596715592744', '76.91180672496557', '2018-04-27 09:31:34', '2018-04-27 09:31:34'),
(102, 'uvuuv', '43.23857508194362', '76.90834499895573', '2018-04-27 09:31:35', '2018-04-27 09:31:35'),
(103, 'ivuvv', '43.240596715592744', '76.91180672496557', '2018-04-27 09:31:36', '2018-04-27 09:31:36'),
(104, 'uvuuv', '43.23857508194362', '76.90834499895573', '2018-04-27 09:31:36', '2018-04-27 09:31:36'),
(105, 'gigu', '43.23924994427372', '76.9121765345335', '2018-04-27 09:34:25', '2018-04-27 09:34:25'),
(106, 'gigu', '43.23924994427372', '76.9121765345335', '2018-04-27 09:34:25', '2018-04-27 09:34:25'),
(107, 'jvuv', '43.238458085506174', '76.90860014408827', '2018-04-27 09:34:25', '2018-04-27 09:34:25'),
(108, 'jvuv', '43.238458085506174', '76.90860014408827', '2018-04-27 09:34:25', '2018-04-27 09:34:25'),
(109, 'gigu', '43.23924994427372', '76.9121765345335', '2018-04-27 09:34:39', '2018-04-27 09:34:39'),
(110, 'jvuv', '43.238458085506174', '76.90860014408827', '2018-04-27 09:34:39', '2018-04-27 09:34:39'),
(111, 'bubiv', '43.24000344622278', '76.91020108759403', '2018-04-27 09:39:01', '2018-04-27 09:39:01'),
(112, 'yvvy', '43.23864860151068', '76.91237568855284', '2018-04-27 09:39:01', '2018-04-27 09:39:01'),
(113, 'uvugu', '43.23856775440716', '76.9075832515955', '2018-04-27 09:42:42', '2018-04-27 09:42:42'),
(114, 'yycyc', '43.23890115642402', '76.91301941871642', '2018-04-27 09:42:42', '2018-04-27 09:42:42'),
(115, 'my text', '45.45465', '45.45465', '2018-04-27 13:26:56', '2018-04-27 13:26:56'),
(116, 'uvuvuv', '76.91440913826229', '43.23019986551003', '2018-04-27 13:29:13', '2018-04-27 13:29:13'),
(121, 'Shagabutdinov Street 88, Almaty', '76.9212916865945', '43.2510635869966', '2018-05-15 14:40:20', '2018-05-15 14:40:20'),
(122, 'Mynbaev Street 14, Almaty', '76.9067004695535', '43.2372253348594', '2018-05-16 01:40:07', '2018-05-16 01:40:07'),
(123, 'улица Кабанбай батыра 138, Алматы 050012', '76.9327929988503', '43.2488129877715', '2018-05-16 05:43:32', '2018-05-16 05:43:32'),
(124, 'улица Наурызбай Батыра 125, Алматы', '76.9382861629128', '43.2380589769708', '2018-05-16 10:01:07', '2018-05-16 10:01:07'),
(125, 'улица Шевченко 186, Алматы', '76.8981174007058', '43.2434362196629', '2018-05-16 10:01:08', '2018-05-16 10:01:08'),
(126, 'улица Жамбыла 205, Алматы', '76.9314197078347', '43.2470624642126', '2018-05-16 10:01:58', '2018-05-16 10:01:58'),
(127, 'щищршр', '76.90514177083969', '43.23799889063691', '2018-05-17 04:48:02', '2018-05-17 04:48:02'),
(128, 'щииз штщщт', '76.9151635095477', '43.249290416757134', '2018-05-17 04:50:16', '2018-05-17 04:50:16'),
(129, 'my text', '45.45465', '45.45465', '2018-05-17 04:51:05', '2018-05-17 04:51:05'),
(130, 'my text', '45.45465', '45.45465', '2018-05-17 04:52:30', '2018-05-17 04:52:30'),
(131, 'my text', '45.45465', '45.45465', '2018-05-17 04:54:17', '2018-05-17 04:54:17'),
(132, 'my text', '45.45465', '45.45465', '2018-05-17 04:54:18', '2018-05-17 04:54:18'),
(133, 'my text', '45.45465', '45.45465', '2018-05-17 04:54:24', '2018-05-17 04:54:24'),
(134, 'my text', '45.45465', '45.45465', '2018-05-17 04:54:26', '2018-05-17 04:54:26'),
(135, 'my text', '45.45465', '45.45465', '2018-05-17 04:54:57', '2018-05-17 04:54:57'),
(136, 'text', '78.456654', '42.546654', '2018-05-24 06:53:40', '2018-05-24 06:53:40'),
(137, 'my text', '45.45465', '45.45465', '2018-05-24 07:34:02', '2018-05-24 07:34:02'),
(138, 'my text', '45.45465', '45.45465', '2018-05-24 07:35:09', '2018-05-24 07:35:09'),
(139, 'text', '78.456654', '42.546654', '2018-05-24 07:35:34', '2018-05-24 07:35:34'),
(140, 'Cgcycyyy', '76.908102594316', '43.24915048527332', '2018-05-25 06:53:31', '2018-05-25 06:53:31'),
(141, 'Cgcycyyy', '76.908102594316', '43.24915048527332', '2018-05-25 06:53:31', '2018-05-25 06:53:31'),
(142, 'Maulenov Street 121а, Almaty', '76.9355395808816', '43.2441447317433', '2018-05-31 07:10:55', '2018-05-31 07:10:55'),
(143, 'вишневского 22', '71.45694427192211', '51.15150239897749', '2018-06-03 08:05:41', '2018-06-03 08:05:41'),
(144, 'вишневского 22', '71.45694427192211', '51.15150239897749', '2018-06-03 08:05:42', '2018-06-03 08:05:42'),
(145, 'вишневского 22', '71.45694427192211', '51.15150239897749', '2018-06-03 08:05:43', '2018-06-03 08:05:43'),
(146, 'вишневского 22', '71.45694427192211', '51.15150239897749', '2018-06-03 08:05:45', '2018-06-03 08:05:45'),
(147, 'вишневского', '71.45891435444355', '51.158209213354496', '2018-06-03 08:15:20', '2018-06-03 08:15:20'),
(148, 'Seyfullin Street 597, Almaty', '76.9352535903454', '43.2406433660063', '2018-06-04 05:42:22', '2018-06-04 05:42:22'),
(149, 'Rozybakiev Street, Almaty', '76.8890193477273', '43.2432278896552', '2018-06-04 05:42:23', '2018-06-04 05:42:23'),
(150, 'Bostandyk District, Almaty', '76.9121363013983', '43.2343904266872', '2018-06-04 07:16:13', '2018-06-04 07:16:13'),
(151, 'Kurmangazy Street 141, Almaty', '76.9187740981579', '43.242477602646', '2018-06-04 07:35:35', '2018-06-04 07:35:35'),
(153, 'иллмо', '71.50407806038857', '51.1479102259732', '2018-06-04 10:17:51', '2018-06-04 10:17:51'),
(154, 'набережная Хамита Ергалиева, Алматы', '76.9262698665261', '43.2248014215836', '2018-06-08 11:50:43', '2018-06-08 11:50:43'),
(155, 'улица Толе Би 49, Алматы', '76.9504741206765', '43.2550644469459', '2018-06-08 15:14:14', '2018-06-08 15:14:14'),
(156, '24 июня 30, Алматы, Казахстан', '76.90782833844423', '43.23908971705009', '2018-06-11 08:21:04', '2018-06-11 08:21:04'),
(157, 'улица Жамбыла 175, Алматы, Казахстан', '76.9054827466607', '43.24441069640531', '2018-06-11 08:45:36', '2018-06-11 08:45:36'),
(158, 'Алматы', '45.45654', '45.45654', '2018-06-11 08:47:38', '2018-06-11 08:47:38'),
(159, 'Астана', '45.45654', '45.45654', '2018-06-11 08:47:39', '2018-06-11 08:47:39'),
(160, 'ул. Текстильная 73, Шымкент, Казахстан', '43.24564232478387', '76.90764226019382', '2018-06-11 09:06:11', '2018-06-11 09:06:11'),
(161, 'улица Жамбыла 182, Алматы, Казахстан', '43.23651649805079', '76.9054814055562', '2018-06-11 09:06:11', '2018-06-11 09:06:11'),
(162, 'улица Айтеке Би 172, Алматы, Казахстан', '76.9150273874402', '43.25628218581909', '2018-06-11 09:39:02', '2018-06-11 09:39:02'),
(163, 'Shagabutdinov Street, Алматы, Казахстан', '76.92213188856839', '43.23471872196092', '2018-06-11 09:45:03', '2018-06-11 09:45:03'),
(164, 'улица Байзакова 263, Алматы, Казахстан', '76.91319175064564', '43.245699228685744', '2018-06-11 09:55:26', '2018-06-11 09:55:26'),
(165, 'улица Байтурсынова 100, Алматы, Казахстан', '76.92596778273582', '43.25177127776915', '2018-06-11 10:05:11', '2018-06-11 10:05:11'),
(166, 'улица Казыбек Би 105, Алматы, Казахстан', '76.9341391324997', '43.25528348057866', '2018-06-11 10:42:58', '2018-06-11 10:42:58'),
(167, 'улица Казыбек Би 105, Алматы, Казахстан', '76.9341391324997', '43.25528348057866', '2018-06-11 10:43:05', '2018-06-11 10:43:05'),
(168, 'улица Казыбек Би 105, Алматы, Казахстан', '76.9341391324997', '43.25528348057866', '2018-06-11 10:43:10', '2018-06-11 10:43:10'),
(169, 'улица Казыбек Би 105, Алматы, Казахстан', '76.9341391324997', '43.25528348057866', '2018-06-11 10:43:14', '2018-06-11 10:43:14'),
(170, 'улица Казыбек Би 105, Алматы, Казахстан', '76.9341391324997', '43.25528348057866', '2018-06-11 10:43:33', '2018-06-11 10:43:33'),
(171, 'улица Казыбек Би 105, Алматы, Казахстан', '76.9341391324997', '43.25528348057866', '2018-06-11 10:43:44', '2018-06-11 10:43:44'),
(172, 'улица Казыбек Би 105, Алматы, Казахстан', '76.9341391324997', '43.25528348057866', '2018-06-11 11:03:33', '2018-06-11 11:03:33'),
(173, 'улица Габдуллина 53б, Алматы, Казахстан', '76.91353507339954', '43.2300523173297', '2018-06-12 05:23:11', '2018-06-12 05:23:11'),
(174, 'улица Богенбай Батыра 157, Алматы, Казахстан', '76.92803677171469', '43.25213342276499', '2018-06-12 05:29:19', '2018-06-12 05:29:19'),
(175, 'улица Богенбай Батыра 157, Алматы, Казахстан', '76.92803677171469', '43.25213342276499', '2018-06-12 05:29:24', '2018-06-12 05:29:24'),
(176, 'улица Богенбай Батыра 157, Алматы, Казахстан', '76.92803677171469', '43.25213342276499', '2018-06-12 05:29:28', '2018-06-12 05:29:28'),
(177, 'улица Богенбай Батыра 157, Алматы, Казахстан', '76.92803677171469', '43.25213342276499', '2018-06-12 05:29:28', '2018-06-12 05:29:28'),
(178, 'улица Досмухамедова 44, Алматы, Казахстан', '76.92455627024174', '43.254283538017916', '2018-06-12 08:01:26', '2018-06-12 08:01:26'),
(179, 'улица Байзакова 221, Алматы, Казахстан', '76.91119182854891', '43.24988286307267', '2018-06-12 08:45:12', '2018-06-12 08:45:12'),
(180, 'улица Курмангазы 144/82, Алматы, Казахстан', '76.90232813358307', '43.24123687338574', '2018-06-12 09:05:15', '2018-06-12 09:05:15'),
(181, 'text', '78.456654', '42.546654', '2018-06-12 14:34:23', '2018-06-12 14:34:23'),
(182, 'text', '78.456654', '42.546654', '2018-06-12 18:33:40', '2018-06-12 18:33:40'),
(183, 'text', '78.456654', '42.546654', '2018-06-12 18:33:57', '2018-06-12 18:33:57'),
(184, 'Bogenbai Batyr Street 300, Almaty', '76.8897633254528', '43.2485629160574', '2018-06-13 05:11:11', '2018-06-13 05:11:11'),
(185, 'Akhtanov Street, Almaty', '76.9428636878729', '43.2759814110069', '2018-06-13 05:16:14', '2018-06-13 05:16:14'),
(186, 'проспект Сейфуллина 585, Алматы', '76.933994628489', '43.2440614496407', '2018-06-13 05:25:37', '2018-06-13 05:25:37'),
(187, 'улица Чайковского, Алматы', '76.9363978877664', '43.2624403434272', '2018-06-13 05:34:49', '2018-06-13 05:34:49'),
(188, 'проспект Сейфуллина 402, Алматы', '76.9322780147195', '43.2679404303518', '2018-06-13 05:40:21', '2018-06-13 05:40:21'),
(189, 'улица Досмухамедова 13, Алматы, Казахстан', '76.92274309694768', '43.25741126463321', '2018-06-13 06:36:59', '2018-06-13 06:36:59'),
(190, 'ул. Уметбаева 22, Алматы, Казахстан', '43.256534179272364', '76.92108917981386', '2018-06-13 06:37:36', '2018-06-13 06:37:36'),
(191, 'ул. Шарипова 63, Алматы, Казахстан', '43.24864863411409', '76.89495407044888', '2018-06-13 06:37:36', '2018-06-13 06:37:36'),
(192, 'улица Радостовца 13, Алматы, Казахстан', '76.88989575952291', '43.249996662900536', '2018-06-13 06:38:03', '2018-06-13 06:38:03'),
(193, 'Алматинский район, Астана 020000', '71.5490590408444', '51.2272641950815', '2018-06-13 12:58:35', '2018-06-13 12:58:35'),
(194, 'улица Розыбакиева 247, Алматы', '76.892361715436', '43.203228037342', '2018-06-13 12:58:35', '2018-06-13 12:58:35'),
(197, 'проспект Абая 32, Алматы', '76.9336513057351', '43.2411853386121', '2018-06-13 18:25:24', '2018-06-13 18:25:24'),
(198, 'улица Шевченко 164, Алматы', '76.9061854854226', '43.2434362196629', '2018-06-14 06:49:05', '2018-06-14 06:49:05'),
(199, 'улица Жамбыла 163, Алматы, Казахстан', '76.90996304154396', '43.24489255596211', '2018-06-14 07:56:13', '2018-06-14 07:56:13'),
(200, 'астана', '71.5134134888649', '51.19293832604913', '2018-06-14 12:13:25', '2018-06-14 12:13:25'),
(201, 'микрорайон 3 36, Алматы', '76.8533989414573', '43.2233661045461', '2018-06-14 14:48:32', '2018-06-14 14:48:32'),
(202, 'микрорайон 3 36, Алматы', '76.8533989414573', '43.2233661045461', '2018-06-14 14:49:38', '2018-06-14 14:49:38'),
(203, 'ул. Сарысу, Астана 010000, Казахстан', '51.17819664609787', '71.4763031154871', '2018-06-15 11:18:30', '2018-06-15 11:18:30'),
(204, 'ул. Алтынкум, Астана 010000, Казахстан', '51.17912481246223', '71.47836305201054', '2018-06-15 11:18:31', '2018-06-15 11:18:31'),
(205, 'алматы', '0.0', '0.0', '2018-06-15 11:32:25', '2018-06-15 11:32:25'),
(206, 'астана', '0.0', '0.0', '2018-06-15 11:32:25', '2018-06-15 11:32:25'),
(207, 'проспект Абая 20/1, Алматы 050013', '76.9432643428445', '43.2395596505788', '2018-06-15 12:06:57', '2018-06-15 12:06:57'),
(208, 'проспект Абая 20/1, Алматы 050013', '76.9432643428445', '43.2395596505788', '2018-06-15 12:07:13', '2018-06-15 12:07:13'),
(209, 'просп. Абая 54а, Алматы 050000, Казахстан', '76.91247023642063', '43.23882495040957', '2019-10-21 12:16:46', '2019-10-21 12:16:46'),
(210, 'text', '78.456654', '42.546654', '2019-10-23 04:23:06', '2019-10-23 04:23:06'),
(211, 'text', '78.456654', '42.546654', '2019-10-23 04:26:11', '2019-10-23 04:26:11'),
(212, 'text', '78.456654', '42.546654', '2019-10-23 04:26:23', '2019-10-23 04:26:23'),
(213, 'my text', '45.45465', '45.45465', '2019-10-23 06:07:10', '2019-10-23 06:07:10'),
(214, 'text', '78.456654', '42.546654', '2020-03-29 18:01:33', '2020-03-29 18:01:33'),
(215, 'text', '78.456654', '42.546654', '2020-03-31 06:43:19', '2020-03-31 06:43:19'),
(216, 'my text', '45.45465', '45.45465', '2020-03-31 06:58:42', '2020-03-31 06:58:42'),
(217, 'my text', '45.45465', '45.45465', '2020-03-31 06:59:33', '2020-03-31 06:59:33'),
(218, 'text', '78.456654', '42.546654', '2020-03-31 11:42:09', '2020-03-31 11:42:09'),
(219, 'text', '78.456654', '42.546654', '2020-03-31 15:30:27', '2020-03-31 15:30:27'),
(220, 'my text', '45.45465', '45.45465', '2020-03-31 15:31:23', '2020-03-31 15:31:23'),
(221, 'my text', '45.45465', '45.45465', '2020-03-31 15:33:18', '2020-03-31 15:33:18'),
(222, 'text', '78.456654', '42.546654', '2020-04-01 14:03:27', '2020-04-01 14:03:27'),
(223, 'text', '78.456654', '42.546654', '2020-04-01 14:05:32', '2020-04-01 14:05:32'),
(224, 'aaaaaaaaaaaaaaaaaaaaaaaaaaaaaaaaaaaaaa', '78.456654', '42.546654', '2020-04-01 14:59:54', '2020-04-01 14:59:54'),
(225, 'my text', '45.45465', '45.45465', '2020-04-01 15:37:43', '2020-04-01 15:37:43'),
(226, 'text', '78.456654', '42.546654', '2020-04-01 16:52:23', '2020-04-01 16:52:23'),
(227, 'text', '78.456654', '42.546654', '2020-04-01 16:55:00', '2020-04-01 16:55:00'),
(228, 'text', '78.456654', '42.546654', '2020-04-01 16:56:11', '2020-04-01 16:56:11'),
(229, 'text', '78.456654', '42.546654', '2020-04-01 17:57:40', '2020-04-01 17:57:40'),
(230, 'text', '78.456654', '42.546654', '2020-04-01 17:59:00', '2020-04-01 17:59:00'),
(231, 'my text', '45.45465', '45.45465', '2020-04-03 06:18:32', '2020-04-03 06:18:32'),
(232, 'sds asj as item', '78.456654', '42.546654', '2020-04-03 06:21:19', '2020-04-03 06:21:19'),
(233, 'to_text', '78.456654', '42.546654', '2020-04-03 06:23:17', '2020-04-03 06:23:17'),
(234, 'text', '78.456654', '42.546654', '2020-04-03 12:05:37', '2020-04-03 12:05:37'),
(235, 'text', '78.456654', '42.546654', '2020-04-03 12:16:09', '2020-04-03 12:16:09'),
(236, 'text', '78.456654', '42.546654', '2020-04-03 12:17:32', '2020-04-03 12:17:32'),
(237, 'text', '78.456654', '42.546654', '2020-04-03 12:18:36', '2020-04-03 12:18:36');

-- --------------------------------------------------------

--
-- Структура таблицы `balls`
--

CREATE TABLE `balls` (
  `id` int(11) NOT NULL,
  `value` int(100) NOT NULL DEFAULT '0',
  `description` text CHARACTER SET utf8,
  `created_at` timestamp NULL DEFAULT NULL,
  `updated_at` timestamp NULL DEFAULT NULL
) ENGINE=InnoDB DEFAULT CHARSET=latin1;

-- --------------------------------------------------------

--
-- Структура таблицы `cars`
--

CREATE TABLE `cars` (
  `id` int(10) NOT NULL,
  `driver_id` int(10) DEFAULT NULL,
  `name` varchar(255) DEFAULT NULL,
  `info` text,
  `number` varchar(255) DEFAULT NULL,
  `created_at` timestamp NULL DEFAULT NULL,
  `updated_at` timestamp NULL DEFAULT NULL
) ENGINE=InnoDB DEFAULT CHARSET=utf8;

--
-- Дамп данных таблицы `cars`
--

INSERT INTO `cars` (`id`, `driver_id`, `name`, `info`, `number`, `created_at`, `updated_at`) VALUES
(1, 1, 'N-123', 'information', '123ABS', '2018-03-06 18:00:00', '2020-04-03 19:18:16'),
(4, 1, 'car name', 'car info', 'car number', '2018-03-27 06:06:58', '2018-03-27 06:06:58'),
(5, 1, 'car name', 'car info', 'car number', '2018-03-27 07:30:34', '2018-03-27 07:30:34'),
(6, 1, 'car name', 'car info', 'car number', '2018-03-27 07:31:22', '2018-03-27 07:31:22'),
(7, 1, 'car name', 'car info', 'car number', '2018-03-27 07:31:47', '2018-03-27 07:31:47'),
(8, 1, 'car name', 'car info', 'car number', '2018-03-27 07:32:23', '2018-03-27 07:32:23'),
(9, 1, 'car name', 'car info', 'car number', '2018-04-18 08:14:12', '2018-04-18 08:14:12'),
(10, 1, 'car name', 'car info', 'car number', '2018-04-27 09:38:09', '2018-04-27 09:38:09'),
(11, 6, 'KAMAZ', 'Asdaslkdmalskmdlaksmdlakmsdlkma', 'A 021 LNO', '2018-04-28 09:54:11', '2018-04-28 09:54:11'),
(12, 6, 'Jdaskjndkjasnd', 'Asdasdasdasd', 'Jkansdkjnasd', '2018-04-28 10:03:17', '2018-04-28 10:03:17'),
(13, 6, 'car name', 'car info', 'car number', '2018-04-28 10:04:04', '2018-04-28 10:04:04'),
(14, 6, 'car name', 'car info', 'car number', '2018-04-28 10:05:09', '2018-04-28 10:05:09'),
(15, 6, 'car name', 'car info', 'car number', '2018-04-28 10:05:23', '2018-04-28 10:05:23'),
(16, 6, 'car name', 'car info', 'car number', '2018-04-28 10:05:50', '2018-04-28 10:05:50'),
(17, 6, 'car name', 'car info', 'car number', '2018-04-28 10:06:18', '2018-04-28 10:06:18'),
(18, 6, 'car name', 'car info', 'car number', '2018-04-28 10:06:33', '2018-04-28 10:06:33'),
(19, 6, 'car name', 'car info', 'car number', '2018-04-28 10:08:42', '2018-04-28 10:08:42'),
(20, 6, 'car name', 'car info', 'car number', '2018-04-28 10:08:51', '2018-04-28 10:08:51'),
(21, 6, 'car name', 'car info', 'car number', '2018-05-03 08:15:26', '2018-05-03 08:15:26'),
(22, 6, 'car name', 'car info', 'car number', '2018-05-03 08:15:40', '2018-05-03 08:15:40'),
(23, 6, 'Kakkakkaka', 'Asjdnjasndjasndjasnd', 'A 123 CNO', '2018-05-03 08:17:28', '2018-05-03 08:17:28'),
(24, 6, 'Zil kamaz kamaz kmazzz', 'Random description', 'Q 000 qqq', '2018-05-03 08:18:48', '2018-05-03 08:18:48'),
(25, 7, 'car name', 'car info', 'car number', '2018-05-11 05:15:25', '2018-05-11 05:15:25'),
(26, 7, 'car name', 'car info', 'car number', '2018-05-11 08:53:44', '2018-05-11 08:53:44'),
(27, 7, 'car name', 'car info', 'car number', '2018-05-11 08:54:45', '2018-05-11 08:54:45'),
(28, 1, 'car name', 'car info', 'car number', '2018-05-11 08:59:12', '2018-05-11 08:59:12'),
(29, 7, 'car name', 'car info', 'car number', '2018-05-11 09:01:04', '2018-05-11 09:01:04'),
(30, 7, 'car name', 'car info', 'car number', '2018-05-11 09:02:45', '2018-05-11 09:02:45'),
(31, 8, 'Monster machine engine', 'Jdnfjndjfndjnfjdnfjndjnf', 'A 111 aaa', '2018-05-16 06:52:26', '2018-05-16 06:52:26'),
(32, 9, 'hibo', 'just I vi', 'jvivv', '2018-05-23 05:35:14', '2018-05-23 05:35:14'),
(33, 10, 'vivi', 'if u vi', 'kvivv', '2018-05-23 06:01:49', '2018-05-23 06:01:49'),
(34, 10, 'Jvj', 'Ibibobihoo', 'Uvuug', '2018-05-28 11:22:48', '2018-05-28 11:22:48'),
(35, 10, 'Jvj', 'Ibibobihoo', 'Uvuug', '2018-05-28 11:22:51', '2018-05-28 11:22:51'),
(36, 10, 'Jj', 'Mvk', 'Gxu', '2018-05-28 11:30:39', '2018-05-28 11:30:39'),
(37, 13, 'BMW', 'Ksbisbsiboobaa', 'Hshsbb', '2018-06-01 05:07:24', '2018-06-01 05:07:24'),
(38, 13, 'BMW', 'Ksbisbsiboobaa', 'Hshsbb', '2018-06-01 05:07:25', '2018-06-01 05:07:25'),
(39, 13, 'Hzbdjs', 'Jzjzz', 'Jjh', '2018-06-01 05:09:57', '2018-06-01 05:09:57'),
(40, 14, 'fwef', 'sdsd', 'ewfwef', '2018-06-01 05:59:39', '2018-06-01 05:59:39'),
(41, 11, 'Dghjkk', 'Ujko', '134567', '2018-06-05 07:15:36', '2018-06-05 07:15:36'),
(42, 15, 'BMW', 'Stock', '780BMW', '2018-06-07 12:08:17', '2018-06-07 12:08:17'),
(43, 17, 'Апир', 'Иолрр', 'Аппен', '2018-06-15 11:20:39', '2018-06-15 11:20:39'),
(44, 17, 'Камаз', 'Прооип', '515kz01', '2018-06-15 12:17:48', '2018-06-15 12:17:48'),
(45, 18, 'Fghg', 'Hhcff', '))77yyh', '2018-06-15 12:23:10', '2018-06-15 12:23:10'),
(46, 18, 'Ggvf', 'Gccg', 'Ggcgf', '2018-06-15 12:25:26', '2018-06-15 12:25:26'),
(47, 18, 'Ggvf', 'Gccg', 'Ggcgf', '2018-06-15 12:25:29', '2018-06-15 12:25:29'),
(48, 1, 'car name', 'car info', 'car number', '2020-04-03 19:18:29', '2020-04-03 19:18:29'),
(49, 1, 'car name', 'car info', 'car number', '2020-04-03 19:20:00', '2020-04-03 19:20:00'),
(50, 1, 'car name', 'car info', 'car number', '2020-04-03 19:22:08', '2020-04-03 19:22:08'),
(55, 1, 'car name', 'car info', 'car number', '2020-04-03 19:32:27', '2020-04-03 19:32:27'),
(60, 26, 'car name', 'car info', 'car number', '2020-04-03 20:14:15', '2020-04-03 20:14:15'),
(63, 26, 'Car', 'car info', 'car number', '2020-04-03 20:20:06', '2020-04-03 20:28:24');

-- --------------------------------------------------------

--
-- Структура таблицы `car_materials`
--

CREATE TABLE `car_materials` (
  `id` int(10) NOT NULL,
  `car_id` int(10) DEFAULT NULL,
  `material_id` int(10) DEFAULT NULL,
  `created_at` timestamp NULL DEFAULT NULL,
  `updated_at` timestamp NULL DEFAULT NULL
) ENGINE=InnoDB DEFAULT CHARSET=utf8;

--
-- Дамп данных таблицы `car_materials`
--

INSERT INTO `car_materials` (`id`, `car_id`, `material_id`, `created_at`, `updated_at`) VALUES
(1, 8, 1, '2018-03-27 07:32:23', '2018-03-27 07:32:23'),
(2, 9, 1, '2018-04-18 08:14:13', '2018-04-18 08:14:13'),
(3, 10, 1, '2018-04-27 09:38:09', '2018-04-27 09:38:09'),
(4, 13, 1, '2018-04-28 10:04:05', '2018-04-28 10:04:05'),
(5, 23, 1, '2018-05-03 08:17:29', '2018-05-03 08:17:29'),
(6, 24, 1, '2018-05-03 08:18:49', '2018-05-03 08:18:49'),
(7, 25, 1, '2018-05-11 05:15:25', '2018-05-11 05:15:25'),
(8, 26, 1, '2018-05-11 08:53:44', '2018-05-11 08:53:44'),
(9, 27, 1, '2018-05-11 08:54:46', '2018-05-11 08:54:46'),
(10, 28, 1, '2018-05-11 08:59:12', '2018-05-11 08:59:12'),
(11, 29, 1, '2018-05-11 09:01:04', '2018-05-11 09:01:04'),
(12, 30, 1, '2018-05-11 09:02:46', '2018-05-11 09:02:46'),
(13, 31, 1, '2018-05-16 06:52:26', '2018-05-16 06:52:26'),
(14, 32, 1, '2018-05-23 05:35:14', '2018-05-23 05:35:14'),
(15, 32, 2, '2018-05-23 05:35:14', '2018-05-23 05:35:14'),
(16, 33, 1, '2018-05-23 06:01:49', '2018-05-23 06:01:49'),
(17, 33, 2, '2018-05-23 06:01:50', '2018-05-23 06:01:50'),
(18, 34, 1, '2018-05-28 11:22:49', '2018-05-28 11:22:49'),
(19, 34, 2, '2018-05-28 11:22:50', '2018-05-28 11:22:50'),
(20, 35, 1, '2018-05-28 11:22:51', '2018-05-28 11:22:51'),
(21, 35, 2, '2018-05-28 11:22:52', '2018-05-28 11:22:52'),
(22, 36, 2, '2018-05-28 11:30:40', '2018-05-28 11:30:40'),
(23, 37, 1, '2018-06-01 05:07:24', '2018-06-01 05:07:24'),
(24, 37, 2, '2018-06-01 05:07:24', '2018-06-01 05:07:24'),
(25, 38, 1, '2018-06-01 05:07:25', '2018-06-01 05:07:25'),
(26, 38, 2, '2018-06-01 05:07:25', '2018-06-01 05:07:25'),
(27, 39, 1, '2018-06-01 05:09:58', '2018-06-01 05:09:58'),
(28, 40, 1, '2018-06-01 05:59:40', '2018-06-01 05:59:40'),
(29, 41, 1, '2018-06-05 07:15:36', '2018-06-05 07:15:36'),
(30, 42, 1, '2018-06-07 12:08:18', '2018-06-07 12:08:18'),
(31, 42, 2, '2018-06-07 12:08:18', '2018-06-07 12:08:18'),
(32, 43, 1, '2018-06-15 11:20:39', '2018-06-15 11:20:39'),
(33, 44, 1, '2018-06-15 12:17:49', '2018-06-15 12:17:49'),
(34, 45, 1, '2018-06-15 12:23:10', '2018-06-15 12:23:10'),
(35, 46, 1, '2018-06-15 12:25:26', '2018-06-15 12:25:26'),
(36, 47, 1, '2018-06-15 12:25:30', '2018-06-15 12:25:30'),
(38, 48, 1, '2020-04-03 19:18:29', '2020-04-03 19:18:29'),
(39, 49, 1, '2020-04-03 19:20:00', '2020-04-03 19:20:00'),
(40, 50, 1, '2020-04-03 19:22:08', '2020-04-03 19:22:08'),
(41, 1, 1, '2020-04-03 19:22:32', '2020-04-03 19:22:32'),
(46, 55, 1, '2020-04-03 19:32:27', '2020-04-03 19:32:27'),
(51, 60, 1, '2020-04-03 20:14:15', '2020-04-03 20:14:15'),
(55, 63, 1, '2020-04-03 20:28:24', '2020-04-03 20:28:24');

-- --------------------------------------------------------

--
-- Структура таблицы `car_transports`
--

CREATE TABLE `car_transports` (
  `id` int(11) NOT NULL,
  `car_id` int(10) DEFAULT NULL,
  `transport_id` int(10) DEFAULT NULL,
  `created_at` timestamp NULL DEFAULT NULL,
  `updated_at` timestamp NOT NULL DEFAULT '0000-00-00 00:00:00'
) ENGINE=InnoDB DEFAULT CHARSET=utf8;

--
-- Дамп данных таблицы `car_transports`
--

INSERT INTO `car_transports` (`id`, `car_id`, `transport_id`, `created_at`, `updated_at`) VALUES
(3, 4, 1, '2018-03-27 06:06:58', '2018-03-27 06:06:58'),
(4, 5, 1, '2018-03-27 07:30:34', '2018-03-27 07:30:34'),
(5, 6, 1, '2018-03-27 07:31:22', '2018-03-27 07:31:22'),
(6, 7, 1, '2018-03-27 07:31:47', '2018-03-27 07:31:47'),
(7, 8, 1, '2018-03-27 07:32:23', '2018-03-27 07:32:23'),
(8, 9, 1, '2018-04-18 08:14:12', '2018-04-18 08:14:12'),
(9, 10, 1, '2018-04-27 09:38:09', '2018-04-27 09:38:09'),
(10, 13, 1, '2018-04-28 10:04:05', '2018-04-28 10:04:05'),
(11, 20, 2, '2018-04-28 10:08:51', '2018-04-28 10:08:51'),
(12, 22, 3, '2018-05-03 08:15:40', '2018-05-03 08:15:40'),
(13, 23, 1, '2018-05-03 08:17:29', '2018-05-03 08:17:29'),
(14, 24, 1, '2018-05-03 08:18:48', '2018-05-03 08:18:48'),
(15, 25, 1, '2018-05-11 05:15:25', '2018-05-11 05:15:25'),
(16, 26, 1, '2018-05-11 08:53:44', '2018-05-11 08:53:44'),
(17, 27, 1, '2018-05-11 08:54:46', '2018-05-11 08:54:46'),
(18, 28, 1, '2018-05-11 08:59:12', '2018-05-11 08:59:12'),
(19, 29, 1, '2018-05-11 09:01:04', '2018-05-11 09:01:04'),
(20, 30, 1, '2018-05-11 09:02:46', '2018-05-11 09:02:46'),
(21, 31, 1, '2018-05-16 06:52:26', '2018-05-16 06:52:26'),
(22, 32, 1, '2018-05-23 05:35:14', '2018-05-23 05:35:14'),
(23, 33, 2, '2018-05-23 06:01:49', '2018-05-23 06:01:49'),
(24, 33, 1, '2018-05-23 06:01:49', '2018-05-23 06:01:49'),
(25, 34, 2, '2018-05-28 11:22:49', '2018-05-28 11:22:49'),
(26, 34, 1, '2018-05-28 11:22:49', '2018-05-28 11:22:49'),
(27, 35, 2, '2018-05-28 11:22:51', '2018-05-28 11:22:51'),
(28, 35, 1, '2018-05-28 11:22:51', '2018-05-28 11:22:51'),
(29, 36, 2, '2018-05-28 11:30:39', '2018-05-28 11:30:39'),
(30, 37, 2, '2018-06-01 05:07:24', '2018-06-01 05:07:24'),
(31, 37, 1, '2018-06-01 05:07:24', '2018-06-01 05:07:24'),
(32, 38, 2, '2018-06-01 05:07:25', '2018-06-01 05:07:25'),
(33, 38, 1, '2018-06-01 05:07:25', '2018-06-01 05:07:25'),
(34, 39, 2, '2018-06-01 05:09:57', '2018-06-01 05:09:57'),
(35, 39, 1, '2018-06-01 05:09:58', '2018-06-01 05:09:58'),
(36, 40, 2, '2018-06-01 05:59:40', '2018-06-01 05:59:40'),
(37, 40, 1, '2018-06-01 05:59:40', '2018-06-01 05:59:40'),
(38, 41, 1, '2018-06-05 07:15:36', '2018-06-05 07:15:36'),
(39, 42, 2, '2018-06-07 12:08:17', '2018-06-07 12:08:17'),
(40, 42, 1, '2018-06-07 12:08:18', '2018-06-07 12:08:18'),
(41, 43, 1, '2018-06-15 11:20:39', '2018-06-15 11:20:39'),
(42, 44, 1, '2018-06-15 12:17:48', '2018-06-15 12:17:48'),
(43, 45, 1, '2018-06-15 12:23:10', '2018-06-15 12:23:10'),
(44, 46, 1, '2018-06-15 12:25:26', '2018-06-15 12:25:26'),
(45, 47, 1, '2018-06-15 12:25:29', '2018-06-15 12:25:29'),
(47, 48, 1, '2020-04-03 19:18:29', '2020-04-03 19:18:29'),
(48, 49, 1, '2020-04-03 19:20:00', '2020-04-03 19:20:00'),
(49, 50, 1, '2020-04-03 19:22:08', '2020-04-03 19:22:08'),
(50, 1, NULL, '2020-04-03 19:22:32', '2020-04-03 19:22:32'),
(55, 55, 1, '2020-04-03 19:32:27', '2020-04-03 19:32:27'),
(60, 60, 1, '2020-04-03 20:14:15', '2020-04-03 20:14:15'),
(64, 63, 4, '2020-04-03 20:28:24', '2020-04-03 20:28:24');

-- --------------------------------------------------------

--
-- Структура таблицы `cities`
--

CREATE TABLE `cities` (
  `id` int(11) NOT NULL,
  `region_id` int(11) NOT NULL,
  `name` varchar(255) CHARACTER SET utf8 DEFAULT NULL,
  `created_at` timestamp NULL DEFAULT NULL,
  `updated_at` timestamp NULL DEFAULT NULL
) ENGINE=InnoDB DEFAULT CHARSET=latin1;

--
-- Дамп данных таблицы `cities`
--

INSERT INTO `cities` (`id`, `region_id`, `name`, `created_at`, `updated_at`) VALUES
(1, 1, 'алматы', NULL, NULL);

-- --------------------------------------------------------

--
-- Структура таблицы `clients`
--

CREATE TABLE `clients` (
  `id` int(10) NOT NULL,
  `city_id` int(11) NOT NULL DEFAULT '1',
  `name` varchar(255) COLLATE utf8mb4_unicode_ci NOT NULL,
  `phone` varchar(255) COLLATE utf8mb4_unicode_ci NOT NULL,
  `email` varchar(255) COLLATE utf8mb4_unicode_ci DEFAULT NULL,
  `avatar` varchar(255) COLLATE utf8mb4_unicode_ci DEFAULT 'uploads/avatar.png',
  `rang_id` int(11) DEFAULT '1',
  `cach_back` varchar(255) COLLATE utf8mb4_unicode_ci DEFAULT NULL,
  `ball` int(100) NOT NULL DEFAULT '0',
  `iin` varchar(255) COLLATE utf8mb4_unicode_ci DEFAULT NULL,
  `description` text COLLATE utf8mb4_unicode_ci,
  `verification` tinyint(1) DEFAULT NULL,
  `token` varchar(255) COLLATE utf8mb4_unicode_ci NOT NULL,
  `created_at` timestamp NULL DEFAULT NULL,
  `updated_at` timestamp NULL DEFAULT NULL,
  `online_at` timestamp NULL DEFAULT NULL,
  `access` tinyint(4) DEFAULT '1',
  `access_date` timestamp NULL DEFAULT NULL
) ENGINE=InnoDB DEFAULT CHARSET=utf8mb4 COLLATE=utf8mb4_unicode_ci;

--
-- Дамп данных таблицы `clients`
--

INSERT INTO `clients` (`id`, `city_id`, `name`, `phone`, `email`, `avatar`, `rang_id`, `cach_back`, `ball`, `iin`, `description`, `verification`, `token`, `created_at`, `updated_at`, `online_at`, `access`, `access_date`) VALUES
(1, 1, 'name', '8700444866', 'emailasda', NULL, 2, NULL, 1111, 'asda', 'sadasd', NULL, 'token', '2018-03-14 08:36:38', '2020-03-27 11:54:02', NULL, 1, NULL),
(2, 1, 'qwe', '87019244295', 'email@mail.ru', 'uploads/avatar.png', 1, NULL, 0, NULL, NULL, NULL, 'cIpJueWRu3iG20kX2VQjN5aRAA41wL2QiTXsCgownmYc2d5ReeKQzHMM3tEg', '2018-04-03 06:53:00', '2018-04-03 06:53:00', NULL, 1, NULL),
(3, 1, 'Yera', '123', 'mail@mail.ru', 'uploads/avatar.png', 1, NULL, 0, NULL, NULL, NULL, '6TSMKeBNhqDwmuYfcvrHsPVJB9Yq5JZA2dSILlYEuK3253XyNi8VVuCmnqoF', '2018-04-03 09:44:44', '2018-04-03 09:44:44', NULL, 1, NULL),
(4, 1, 'Yera', '77019244295', 'true@gmail.com', 'uploads/avatar.png', 1, NULL, 0, NULL, NULL, NULL, 'dTfknA7ijcfmxXEk4CkRWFl4mbsZ17P7EGMyN7I1WWnVVKWKg4HUiFHoywGn', '2018-04-03 09:54:05', '2018-04-03 09:54:05', NULL, 1, NULL),
(5, 1, 'Yera', '11', '123@mail.com', 'uploads/avatar.png', 1, NULL, 0, NULL, NULL, NULL, 'qz5iEingYJaE96juyoJcrzIgJCasV3qWXm2Nha0agK53WuQMOQzRTyZsBqlW', '2018-04-03 10:00:06', '2018-04-03 10:00:06', NULL, 1, NULL),
(6, 1, 'Yera', '87473528357', 'yera@mail.com', 'uploads/avatar.png', 1, NULL, 0, NULL, NULL, NULL, 'bFa9R0ZnnbnF1V1kgdOf7oZjpHZs9OBcEOdUnyVPGIusWRqCkIKtL8iSPKQ5', '2018-04-03 10:01:50', '2018-04-03 10:01:50', NULL, 1, NULL),
(7, 1, 'Yera', '007', 'a@gmail.com', 'uploads/avatar.png', 1, NULL, 0, NULL, NULL, NULL, 'RPnhIPbLxUBh9lLuOJj6r9LKEKPTKGehEYxUpoaSsXeecTw1ddXl1eIVaf6m', '2018-04-03 10:05:27', '2018-04-03 10:05:27', NULL, 1, NULL),
(8, 1, 'Yera', '9', '9', 'uploads/avatar.png', 1, NULL, 0, NULL, NULL, NULL, 'FVZ2jRYEMJNlyooVRivYzDtDWpnHnBFIrbunBu9XetS2QZVKQ4VSopr8rdrZ', '2018-04-03 13:38:49', '2018-04-03 13:38:49', NULL, 1, NULL),
(9, 1, 'Yera', '100', '11', 'uploads/avatar.png', 1, NULL, 0, NULL, NULL, NULL, 'WbHJYsb8i8znKku1CrLOuPtzkIlvWvCwnsLthgPmOrhwNMH1lDQufKGP5sXA', '2018-04-04 00:48:52', '2018-04-04 00:48:52', NULL, 1, NULL),
(10, 1, 'Name', '00', 'Ooo', 'uploads/avatar.png', 1, NULL, 0, NULL, NULL, NULL, 'x0qn0Fhx0kMAK7uA0l0GZTQqOgbD7zN6D63QNWmpPs7soBkL3WYCLXS1zEhN', '2018-04-04 02:28:21', '2018-04-04 02:28:21', NULL, 1, NULL),
(11, 1, 'Progger', '321', '321@mail.ru', 'uploads/avatar.png', 1, NULL, 0, NULL, NULL, NULL, '6BBkTlLKE7mSqf45EuMYVr4AZQFzbSFIYxIubhcM5Nt0YBzf09wEQ6VnuxzB', '2018-04-04 09:23:08', '2018-04-04 09:23:08', NULL, 1, NULL),
(12, 1, 'name', '222', 'mail', 'uploads/avatar.png', 1, NULL, 0, NULL, NULL, NULL, 'dQdrwMnylfioZpY2HYs3kr57I0QZZRroNeE0g3tP69JhVmGhk23ck6JXFjxT', '2018-04-04 09:25:16', '2018-04-04 09:25:16', NULL, 1, NULL),
(13, 1, 'You', '987', '987', 'uploads/avatar.png', 1, NULL, 0, NULL, NULL, NULL, 'imKHGgcYxOTRaJIkygMgT2McCSUHQCtYXbVgRFfiE0MQKI5Fv3KVrmnjiDfb', '2018-04-04 09:50:23', '2018-04-04 09:50:23', NULL, 1, NULL),
(14, 1, 'Yera Zhas', '+7 (747) 352-83-57', 'era_jas_95@mail.ru', 'uploads/avatar.png', 1, NULL, 0, NULL, NULL, NULL, 'iT61x6KG0JTtZhwthF6VmCLsn6mQghHEslxEFN79VSB5hXp7SCCCLGYql9QB', '2018-04-11 05:59:42', '2018-04-11 05:59:42', NULL, 1, NULL),
(15, 1, 'Sdgg', '+7 (455) 5', 'Dfgh', 'uploads/avatar.png', 1, NULL, 0, NULL, NULL, NULL, 'Xcit8KBbKtEdnrfoMDrrgMxg50bRo31xZPsxsikCitdzDR3LRjb7oY6ZJpku', '2018-04-11 06:02:47', '2018-04-11 06:02:47', NULL, 1, NULL),
(16, 1, 'name', '+7 (747) 123 12 32', 'pail', 'uploads/avatar.png', 1, NULL, 0, NULL, NULL, NULL, 'iK1kf7B6vE3AxoKl0wC3LcGZ8LOUCrs2oIxEouWKlNyp3Do1to2PXfkOifor', '2018-04-11 06:04:26', '2018-04-11 06:04:26', NULL, 1, NULL),
(17, 1, 'Sdf', '+7 (747', 'Qq', 'uploads/avatar.png', 1, NULL, 0, NULL, NULL, NULL, 'sGlESQh0za2n9w0Uw1WmJ3kIkuPibnKUMkAxiqNPuGqm2J8Y01k9mqasA0eh', '2018-04-11 06:06:57', '2018-04-11 06:06:57', NULL, 1, NULL),
(18, 1, 'Yerazhas', '+7 (701) 924-42-95', 'Pochta', 'uploads/avatar.png', 1, NULL, 0, NULL, NULL, NULL, 'iQDFHnGvH8864HmeeyWqMR0AaCFLcarxoihCaL3blDeRTvTLNxXa3wpERn8M', '2018-04-11 06:22:54', '2018-04-11 06:22:54', NULL, 1, NULL),
(19, 1, 'name', '+7 (747) 352 83 57', 'pochta1', 'uploads/avatar.png', 1, NULL, 0, NULL, NULL, NULL, 'm4yAmLKjpcrPudY8TX8aQbGWP4qNRlqfXr0xA2G8z7K8xkKwHRe1ciGxtisS', '2018-04-11 06:23:38', '2018-04-11 06:23:38', NULL, 1, NULL),
(20, 1, 'Ppp', '+7 (743) 43', 'Iiiii', 'uploads/avatar.png', 1, NULL, 0, NULL, NULL, NULL, '15jK76YwK4ntYyFZRykH09TUMNKZTxA0I7wWNHBnmYX7G8nixs1piCXVbvuP', '2018-04-11 06:32:45', '2018-04-11 06:32:45', NULL, 1, NULL),
(21, 1, 'Name', '+7 (701) 924-42-66', 'Pochta2', 'uploads/avatar.png', 1, NULL, 0, NULL, NULL, NULL, 'v7cpWUHcDQZ3Mo83JMNhpEE8DbzS2ew3oWAsfMrT6ge4U0wm0DdEr1yH3KnM', '2018-04-11 06:49:13', '2018-04-11 06:49:13', NULL, 1, NULL),
(22, 1, 'Yera', '+7 (777) 777-77-77', 'Pochta3', 'uploads/avatar.png', 1, NULL, 0, NULL, NULL, NULL, 'aJoUPNsMAwTxftjLBX8bJHjjUfb52dg4H5fINjAL7deAprDrXzAB03mkLOnX', '2018-04-11 06:52:14', '2018-04-11 06:52:14', NULL, 1, NULL),
(23, 1, 'L', '+7 (777) 777-77-71', 'Pochta4', 'uploads/avatar.png', 1, NULL, 0, NULL, NULL, NULL, 'C4Rvi5IDX1kQ54TP6HH5FCWUbLHumCnr7r4Bibq70ZeV7Vvpw41czuJqMA7p', '2018-04-11 06:55:26', '2018-04-11 06:55:26', NULL, 1, NULL),
(24, 1, 'Qqqq', '+7 (701) 322-19-43', 'Pochta5', 'uploads/avatar.png', 1, NULL, 0, NULL, NULL, NULL, '52ufTnXOhKyQhS3TkZ5XSvUFF934TqEd0KkYvwTkjUnYruwQObSwvwhVoAs8', '2018-04-11 07:03:10', '2018-04-11 07:03:10', NULL, 1, NULL),
(25, 1, 'Name', '+7 (701) 322-19-56', 'yeraszhas@gmail.com', 'uploads/avatar.png', 1, NULL, 0, NULL, NULL, NULL, '2brpoJ5ENeTdQZwz0PHwC7sQbefJNYY8SO7gmcIws2QsIqXCFjYit1UHZ0dI', '2018-04-11 07:05:57', '2018-04-11 07:05:57', NULL, 0, '2018-06-03 18:00:00'),
(26, 1, 'Random', '+7 (701) 000-00-00', 'Pochta7', 'uploads/avatar.png', 1, NULL, 0, NULL, NULL, NULL, 'ESKKz3BnpiCEHH98am6mituwCXMjMWrgw5WCae1zGKojB6qNvqJe5F7NIgv4', '2018-04-11 07:14:47', '2018-04-11 07:14:47', NULL, 1, NULL),
(27, 1, 'test', '87004443322', 'test', 'uploads/avatar.png', 1, NULL, 0, NULL, NULL, NULL, 'So7UPUHp9ucz59jejMVGYyisGM4a33jMB8FmCnw0gPzjNShFsDxGDdce0MGX', '2018-04-17 08:17:52', '2018-04-17 08:17:52', NULL, 1, NULL),
(28, 1, 'name', '87004448697', 'emailasda', 'uploads/15239558270Y5jh.jpg', 1, NULL, 0, 'asda', 'sadasd', NULL, 'SavXnwFGvCPAvpXAOTA3TgtbKP2TEyqNuLDqD21NC1aNgR7236bAGZ21QBb6', '2018-04-17 09:03:47', '2018-04-17 09:03:47', NULL, 1, NULL),
(29, 1, 'name', '001', 'emailasdaк', 'uploads/1523956170Hn5UN.jpeg', 1, NULL, 0, 'asda', 'sadasd', NULL, 'OZhbMxQuW2BaPrfH5N1TThWzs7yLvZkDyQk0TY3RAHveD6orjbHiTHH7YXV3', '2018-04-17 09:09:30', '2018-04-17 09:09:30', NULL, 1, NULL),
(30, 1, 'name1', '87004443311', 'email1', 'uploads/1523957816nRrW8.png', 1, NULL, 0, 'asda', 'sadasd', NULL, 'wZeUsV4zalOp7l2LXWDb42EQan3ph8x2QcixWyumsxvqHkApktrUNadAXLxW', '2018-04-17 09:36:56', '2018-04-17 09:36:56', NULL, 1, NULL),
(31, 1, 'Uuuuuu', '+7 (111) 111-11-11', 'Qwe', 'uploads/1524030906fGnpn.jpg', 1, NULL, 0, '099090909090', 'Description', NULL, 'hAZdjFCHYbrVwGU2ELjBFUOiR5ZJopsFsvujZXu6hoxMimiT1E831JZWbBup', '2018-04-18 05:55:06', '2018-04-18 05:55:06', NULL, 1, NULL),
(32, 1, 'name1', '87004443313', 'email13', 'uploads/1524060282B100s.png', 1, NULL, 0, 'asda', 'sadasd', NULL, 'LNazcXDU8E6LQFzKrvIjmDM8mfs4KvyitNcYpIZZM4WKDITB5hPwZoo0mdKz', '2018-04-18 14:04:42', '2018-04-18 14:04:42', NULL, 1, NULL),
(33, 1, 'test', '8707', 'ema', 'uploads/1524065006LqiuS.jpeg', 1, NULL, 0, '1477', 'qwerty', NULL, 'T7Vy7rcyDcJcsjWm4EQOhvfnbyjCn3nHwaAhJHvrOuA8WzWOvdm4X1VAGYZD', '2018-04-18 15:23:26', '2018-04-18 15:23:26', NULL, 1, NULL),
(34, 1, 'test2', '8708', 'emasss', 'uploads/1524065158ZJxG8.jpeg', 1, NULL, 0, '147888', 'jcjv', NULL, 'Lg4Z5ISGeGx3h8CMQKjHBULMrDtV56PJjAxYmqoArvgCGCkl1uxa3Pi5SB9U', '2018-04-18 15:25:58', '2018-04-18 15:25:58', NULL, 1, NULL),
(35, 1, 'Test', '+7 (800) 000 00 00', 'test1@test.ru', 'uploads/1524115159iKQSh.jpeg', 1, NULL, 0, '1234567890', 'bлсллмдмдл', NULL, 'OQo9z3iRuPrljWmIwPMcwAKYX5MRCgie0GvWPflp4ZZJvnJjDOh676NNTHci', '2018-04-19 05:19:19', '2018-04-19 05:19:19', NULL, 1, NULL),
(36, 1, 'name', '999', 'random', 'uploads/15245430302tGhv.jpeg', 1, NULL, 0, 'asda', 'sadasd', NULL, 'wHVp7YIQ9TfEN7iaKeK9bVaTTxPCDsrRsIcRJaSG6GuMGCXTB7cRFUoNhDle', '2018-04-24 04:10:30', '2018-04-24 04:10:30', NULL, 1, NULL),
(37, 1, 'name', '9990', 'randomm', 'uploads/15246537344HfWK.jpeg', 1, NULL, 0, 'asda', 'sadasd', NULL, 'MJdnauxVd6X1XfHSGxZ4ZKpKXgiLOPghjEqAERYaAQ4u7YsAhtlstPCuskDA', '2018-04-25 10:55:34', '2018-04-25 10:55:34', NULL, 1, NULL),
(38, 1, 'User', '7777777777', 'Qqqqq', 'uploads/1524654142rRNE4.jpg', 1, NULL, 0, '111111222222', 'Desc', NULL, 'fM7bFiYv1VSbZmUoAvKuMlHHxnatCRrD4ztCm3ElvvOEiNdbdf0HbC4hPSLO', '2018-04-25 11:02:22', '2018-04-25 11:02:22', NULL, 1, NULL),
(39, 1, 'Client', '3333333333', 'Qwerty', 'uploads/1526464811o9Gps.jpg', 1, NULL, 0, '123412341234', 'Kazaktyn domalak balasy', NULL, '9LKrPypCYZUOj4McrzV6CU5SDpdsq6DgRxcDQfdQBeueH8mNPQMzQL1k68MJ', '2018-05-16 10:00:11', '2018-05-16 10:00:11', NULL, 1, NULL),
(40, 1, 'Human being', '9999999999', 'Randommail@mail.re', 'uploads/1527742142CCXZN.jpg', 1, NULL, 0, '123312331233', 'Askdnaklsndlkansdlknaslkdnas', NULL, 'MuQ8DCqs5CO4EbQrZHNmSieNzI87qweaQ6WbG8gS8ovEuen14APtencwr12F', '2018-05-31 04:49:02', '2018-05-31 04:49:02', NULL, 1, NULL),
(41, 1, 'Makha', '7075433393', NULL, 'uploads/1528432478J2Sdu.jpeg', 1, NULL, 0, NULL, NULL, NULL, 'AYApTz8VXPGsxxRyu3Lmi0cCWkHRwWO8vJG4laKjoMlelSd9post8xYPIWnx', '2018-06-08 04:34:38', '2020-04-03 11:31:26', NULL, 1, NULL),
(42, 1, 'Qwe', '7473528357', 'Skksks', 'uploads/1528470779tv04C.jpg', 1, NULL, 0, '111111111111', 'Jakakakakoa\nS ssjdjdiiskslapwpq', NULL, '1bmBDWX1EhIVsRuhqCBgA0VtLi8NzqQ03WLscK1Q5ySz1quVmskWOc2goyN0', '2018-06-08 15:12:59', '2018-06-13 08:22:14', NULL, 1, '2018-05-28 18:00:00'),
(43, 1, 'Серик', '7787802834', 'massagett@yandex.ru', 'uploads/15288942494WY4f.jpg', 1, NULL, 0, '811020300785', 'Карол олорр', NULL, 'pugaqMVkXUwAZSnsxiLHzi1Y5Idkx0j43jxa6Ht88jiNJmUbBYuIQulEvZLP', '2018-06-13 12:50:49', '2018-06-13 12:50:49', NULL, 1, NULL),
(44, 1, 'Ali', '7029635337', 'T.m.b.k@mail.ru', 'uploads/1529064909OlzwU.jpg', 1, NULL, 0, '951117300849', 'Bbdhdhdd', NULL, 'S8nxo6HP7ZTbvZ4Z8jjdPZw2GUfw0AhoJLq2SuVo9mZLfQLAIvvjcVzTHLvi', '2018-06-15 12:15:09', '2018-06-15 12:15:09', NULL, 1, NULL),
(46, 1, 'name', '87004448692', 'emailasdaZXxasd', 'uploads/1571649733Txjun.jpg', 1, NULL, 0, 'asda', 'sadasd', NULL, 'q0v33QaOJJke6TMhYb3mh6sQfPmpq75gYOLtNG1YSBaVx4tiHIPQ195MT6bq', '2019-10-21 09:22:13', '2019-10-21 09:22:13', NULL, 1, NULL),
(47, 1, 'Mukhamedali', '3424548488', NULL, 'uploads/15716600654SB5j.jpeg', 1, NULL, 0, '9511117300849', 'hdhhdhr', NULL, 'RX6UGWvyFlIMhNJxQ0My2RC7uKrnTgjezyHkUBj2GN3wdNXnpKgIpzPgNV48', '2019-10-21 12:14:25', '2019-10-21 12:14:25', NULL, 1, NULL),
(48, 1, 'Жан', '7479216551', NULL, 'uploads/15722706867BhnK.jpeg', 1, NULL, 0, '8354588554', 'Клиент', NULL, 'Ak4ekyBxylcACCaIbconERP7Z7926gpVwSSQOTTIYJPthuRew7jCLgWp35yB', '2019-10-28 13:51:26', '2019-10-28 13:51:26', NULL, 1, NULL);

-- --------------------------------------------------------

--
-- Структура таблицы `count_types`
--

CREATE TABLE `count_types` (
  `id` int(10) UNSIGNED NOT NULL,
  `name` varchar(255) COLLATE utf8mb4_unicode_ci NOT NULL,
  `created_at` timestamp NULL DEFAULT NULL,
  `updated_at` timestamp NULL DEFAULT NULL
) ENGINE=InnoDB DEFAULT CHARSET=utf8mb4 COLLATE=utf8mb4_unicode_ci;

--
-- Дамп данных таблицы `count_types`
--

INSERT INTO `count_types` (`id`, `name`, `created_at`, `updated_at`) VALUES
(1, 'штук', NULL, NULL),
(2, 'метр', NULL, NULL),
(3, 'м2', NULL, NULL),
(4, 'м3', NULL, NULL),
(5, 'л', NULL, NULL);

-- --------------------------------------------------------

--
-- Структура таблицы `drivers`
--

CREATE TABLE `drivers` (
  `id` int(10) UNSIGNED NOT NULL,
  `city_id` int(11) NOT NULL DEFAULT '1',
  `name` varchar(255) COLLATE utf8mb4_unicode_ci NOT NULL,
  `phone` varchar(255) COLLATE utf8mb4_unicode_ci NOT NULL,
  `email` varchar(255) COLLATE utf8mb4_unicode_ci DEFAULT NULL,
  `avatar` varchar(255) COLLATE utf8mb4_unicode_ci DEFAULT 'uploads/avatar.png',
  `rang_id` int(11) DEFAULT '6',
  `bonus` varchar(255) COLLATE utf8mb4_unicode_ci DEFAULT NULL,
  `ball` int(100) NOT NULL DEFAULT '0',
  `description` varchar(255) COLLATE utf8mb4_unicode_ci DEFAULT NULL,
  `token` varchar(255) COLLATE utf8mb4_unicode_ci NOT NULL,
  `verification` tinyint(1) NOT NULL DEFAULT '0',
  `created_at` timestamp NULL DEFAULT NULL,
  `updated_at` timestamp NULL DEFAULT NULL,
  `online_at` timestamp NULL DEFAULT NULL,
  `ip` varchar(255) COLLATE utf8mb4_unicode_ci DEFAULT NULL,
  `iin` varchar(255) COLLATE utf8mb4_unicode_ci DEFAULT NULL,
  `passport` varchar(255) COLLATE utf8mb4_unicode_ci DEFAULT NULL,
  `access` tinyint(4) NOT NULL DEFAULT '1',
  `access_date` timestamp NULL DEFAULT NULL
) ENGINE=InnoDB DEFAULT CHARSET=utf8mb4 COLLATE=utf8mb4_unicode_ci;

--
-- Дамп данных таблицы `drivers`
--

INSERT INTO `drivers` (`id`, `city_id`, `name`, `phone`, `email`, `avatar`, `rang_id`, `bonus`, `ball`, `description`, `token`, `verification`, `created_at`, `updated_at`, `online_at`, `ip`, `iin`, `passport`, `access`, `access_date`) VALUES
(1, 1, 'new name2', '87004448696', 'may@mail.ro', 'uploads/avatar.png', 10, '1500.00', 49946, 'Lorem ipsum, dolor sit amet consectetur adipisicing elit. Nihil, sequi architecto sapiente, perspiciatis ab eum dolor pariatur ipsum ipsam asperiores.', 'driver_token', 0, '2018-03-16 06:31:06', '2020-04-01 17:10:55', NULL, NULL, NULL, NULL, 1, '2018-06-14 18:00:00'),
(2, 1, 'y name', '87004448692', 'may@mail.ros', 'uploads/1523955905aSxAY.jpg', 6, NULL, 0, 'description', 'xlMS6QXEjQZoGCCd8rGtWP7oA7dMydZP1C4wIM5MYFhdMsx4SMvZynZn2ppN', 0, '2018-04-17 09:05:05', '2018-04-17 09:05:05', NULL, NULL, NULL, NULL, 1, NULL),
(3, 1, 'y name', '8700444869', 'may@mail.r', 'uploads/avatar.png', 6, NULL, 0, 'description', 'HM47tIaRAkt1PH2uQH853dZTL236V6mSiHCHW6JWwjywErgz48X7QxPozFco', 0, '2018-04-18 06:27:54', '2018-04-18 06:27:54', NULL, NULL, NULL, NULL, 1, NULL),
(4, 1, 'y name', '8700444869ewr', 'may@mails', 'uploads/1524033886nredO.jpeg', 6, NULL, 0, 'description', 'TQIXgpnVXDCdT9Ue4WhrbTXM9MOzE4xJZ8wPkWr2HAnlvUxt4sExe8PgDTtB', 0, '2018-04-18 06:44:46', '2018-04-18 06:44:46', NULL, NULL, NULL, NULL, 1, NULL),
(5, 1, 'y name', '87004448693', 'may@mail.rosq', 'uploads/avatar.png', 6, NULL, 0, 'description', 'WFSqoyNN43e87FDrtnggS2PNlJH57ymjUy1xhaRwUgvbqbVzuo4NFLJDs1uw', 0, '2018-04-27 01:52:57', '2018-04-27 01:52:57', NULL, NULL, NULL, NULL, 1, NULL),
(6, 1, 'Qqqqq', '0000000000', 'Qwert', 'uploads/15248048634OG1M.jpg', 6, NULL, 0, 'Shshdjdjdj', '9EGhs9kVwY4HJob1IQbkIhHcFDoDxgPg3duBu50kKvQXRTBtaVBrqeoY1JOf', 0, '2018-04-27 04:54:23', '2018-04-27 04:54:23', NULL, NULL, NULL, NULL, 1, NULL),
(7, 1, 'y name', '87075433393', 'nur.mukhidin@gmail.com', 'uploads/1525956584lYiTF.jpg', 6, NULL, 0, 'description', 'xN6jBQs71LzKtYDMpiHEKa9V6BcZzSIBeOfqqVAI2ICDjxTsQ0xLoBIYCD41', 0, '2018-05-10 12:49:44', '2018-05-10 12:49:44', NULL, NULL, NULL, NULL, 1, NULL),
(8, 1, 'Yerazhas', '2222222222', 'Era_jas_95@mail.ru', 'uploads/1526391298BQCVe.jpg', 6, NULL, 0, 'My name is Yerassyl. From ALmaty. Born in Shymkent haha', 'JKVHarqdWUCyjLhsX4ZSBCbrCyIw7CxnJZCR3K3KLGwPIJzfTzjebzMTbRa0', 0, '2018-05-15 13:34:58', '2018-05-15 13:34:58', NULL, NULL, NULL, NULL, 1, NULL),
(9, 1, 'c h h', '+7 (899) 999 99 99', 'h h j', 'uploads/1527053713YOjAP.jpeg', 6, NULL, 0, 'iviviv', 'jSgSFukA4ZgM1R6rSRbI6XM73pb37FfaDf5PlhLLdUwXx34ypQ4ZS1OoLkz7', 0, '2018-05-23 05:35:13', '2018-05-23 05:35:13', NULL, NULL, NULL, NULL, 1, NULL),
(10, 1, 'ggggg', '+7 (699) 999 99 99', 'vvmmm', 'uploads/15270553080dLJ2.jpeg', 10, NULL, 0, 'ivigvigh', 'RB6TapX0vTXqgikQJH6u55XYHAknFqkBLM0YVXIyLZolm4bvj2Wh3a1YP5Gr', 0, '2018-05-23 06:01:48', '2018-05-23 06:01:48', NULL, NULL, NULL, NULL, 1, NULL),
(11, 1, 'Asdasd', '6999999999', 'Yerazhas@gmail.com', 'uploads/1527742690rapjv.jpg', 10, NULL, 0, 'Jasndjasndjkasndkjasndkjnasd', 'ngDbDk5BzA1sE9D6ROsYB9rhMMqBP4xBqy1cahscjEFPNcbWUXpyqOjNyafm', 0, '2018-05-31 04:58:10', '2018-05-31 04:58:10', NULL, NULL, NULL, NULL, 1, NULL),
(12, 1, 'Adam balasy', '0707070707', 'Qweasd@mail.ru', 'uploads/1527748037aqfzL.jpg', 10, NULL, 0, 'Jndsjkfnsdkjfnksjdnfksjdnfsd', 'l6ew38Xk8IIaOMogPBm9HySHHPc5404DDNc40K2zY64ApJjnwA1zrbsmUvTo', 0, '2018-05-31 06:27:17', '2018-05-31 06:27:17', NULL, NULL, NULL, NULL, 1, NULL),
(13, 1, 'y name', '878888888', 'test@test.ru', 'uploads/avatar.png', 7, NULL, 10, 'description', 'aUXWpqeD4VDYbP8MbJdTHJwM9sFMtghcpwnZccHQMGwyBTuzsnawltutG5g1', 0, '2018-05-31 12:01:16', '2018-05-31 12:01:16', NULL, NULL, NULL, NULL, 1, NULL),
(14, 1, 'New name', '87888888888', 'test1@test.ru', 'uploads/avatar.png', 10, NULL, 0, 'description', 'x8CjvNl1MfxrNByKamzW3znmWko2cFEVsBrIvWDbWY8JVedPMIblRXspAevY', 0, '2018-06-01 05:18:19', '2018-06-01 05:18:19', NULL, NULL, NULL, NULL, 1, NULL),
(15, 1, 'Test', '7075433393', 'good@good.ru', 'uploads/152837329785Ftc.jpeg', 10, NULL, 8995, 'Good', 'XJN3aHgYrt82SeGQsKxP4ja1CUvCT5tynHpksYX95heoF0vvmfmarUdBcDg1', 0, '2018-06-07 12:08:17', '2020-04-01 17:02:26', NULL, '999999', '8888888', '777777', 1, NULL),
(16, 1, 'Gffg', '7473528357', 'Cvhh', 'uploads/1528465461h6zes.jpg', 10, NULL, 0, 'Shshshsh', 'Sm5EN3uty0lilhqvLSs8S7FaYpFnbINPbO8bh4HOZrHs22MYbw9grGn2EiKs', 0, '2018-06-08 13:44:21', '2018-06-13 08:18:02', NULL, NULL, NULL, NULL, 1, '2018-06-13 18:00:00'),
(17, 1, 'Серик', '7787802834', 'massagett@yandex.ru', 'uploads/1528955565FRJAN.jpg', 6, NULL, 0, 'Я великий', 'sZrGrNcFyOBQmuKdBRZXsIo1FweMmLiSF1QxvrkCkfve2B6qEttztVtVtM6d', 0, '2018-06-14 05:52:45', '2018-06-14 14:42:36', NULL, 'Сервис мастер', '888888888888', '022233333', 1, NULL),
(18, 1, 'Alien', '7029635337', 'Tss@jds.rj', 'uploads/1529065112n7lKb.jpg', 6, NULL, 0, 'Hhdhdhd', '769k1xzbhCPewVu1xe1p39nekmaKMIqoi9EyzUDkjF5VdqgLlPDnfTFdPdAN', 0, '2018-06-15 12:18:32', '2018-06-15 12:18:32', NULL, NULL, NULL, NULL, 1, NULL),
(20, 1, 'y name', '87004448691', 'mays@mail.ros', 'uploads/avatar.png', 6, NULL, 0, 'description', '6pBi6hjG7mltSnAbV0Y0lttZPXGzBCAMIeOfYGVl2v182Kl3kmU0aZ5M4prA', 0, '2019-10-21 09:22:53', '2019-10-21 09:22:53', NULL, NULL, NULL, NULL, 1, NULL),
(21, 1, 'y name', '8700444866', 'may@mail.ros', 'uploads/avatar.png', 6, NULL, 0, 'description', 'AdGxf9vwr7ZWwwXCGqTNCocps7sXi4ggL7LOjppYfSzEFLg115FhR0LKxqEW', 0, '2020-03-30 07:18:15', '2020-03-30 07:18:15', NULL, NULL, NULL, NULL, 1, NULL),
(22, 1, 'y name', '8700444862', 'may@mail.ros', 'uploads/avatar.png', 6, NULL, 0, 'description', '8MDZDiF3oEBk1JOfXhfvY2clciUuiPtdcvQmI9vrj63SyQu1HApstEDpyGjC', 0, '2020-04-02 13:57:32', '2020-04-02 13:57:32', NULL, NULL, NULL, NULL, 1, NULL),
(26, 1, 'Makha', '77029329156', 'maha@mailr.u', 'uploads/1585908796mFGfb.jpg', 6, NULL, 995, 'about', 'makha', 0, '2020-04-02 15:17:46', '2020-04-03 13:13:16', NULL, NULL, NULL, NULL, 1, NULL),
(27, 1, 'y name', '77021234596', 'may@mail.ros', 'uploads/1585908915lo6rc.jpg', 6, NULL, 0, 'description', 'MKr9RS8kUDeNJW8vRa4Ty0745eLPKcADC00U7Y6qOkr56MV4dz74VKnYRVDG', 0, '2020-04-03 13:15:15', '2020-04-03 13:15:15', NULL, NULL, NULL, NULL, 1, NULL);

-- --------------------------------------------------------

--
-- Структура таблицы `feedbacks`
--

CREATE TABLE `feedbacks` (
  `id` int(11) NOT NULL,
  `user_id` int(10) NOT NULL,
  `role` int(10) NOT NULL,
  `text` text NOT NULL,
  `created_at` timestamp NULL DEFAULT NULL,
  `updated_at` timestamp NULL DEFAULT NULL
) ENGINE=InnoDB DEFAULT CHARSET=latin1;

--
-- Дамп данных таблицы `feedbacks`
--

INSERT INTO `feedbacks` (`id`, `user_id`, `role`, `text`, `created_at`, `updated_at`) VALUES
(1, 1, 2, 'text', '2018-06-01 05:06:18', '2018-06-01 05:06:18'),
(2, 1, 1, 'text', '2018-06-05 11:37:51', '2018-06-05 11:37:51'),
(3, 1, 1, 'HD hd h HD', '2018-06-05 11:44:32', '2018-06-05 11:44:32'),
(4, 1, 1, 'text', '2020-03-29 17:27:12', '2020-03-29 17:27:12'),
(5, 1, 1, 'text', '2020-03-30 07:43:59', '2020-03-30 07:43:59');

-- --------------------------------------------------------

--
-- Структура таблицы `groups`
--

CREATE TABLE `groups` (
  `id` int(10) UNSIGNED NOT NULL,
  `creator_id` int(11) NOT NULL,
  `name` varchar(255) COLLATE utf8mb4_unicode_ci NOT NULL,
  `ball` int(10) NOT NULL DEFAULT '0',
  `created_at` timestamp NULL DEFAULT NULL,
  `updated_at` timestamp NULL DEFAULT NULL
) ENGINE=InnoDB DEFAULT CHARSET=utf8mb4 COLLATE=utf8mb4_unicode_ci;

--
-- Дамп данных таблицы `groups`
--

INSERT INTO `groups` (`id`, `creator_id`, `name`, `ball`, `created_at`, `updated_at`) VALUES
(1, 1, 'Group Name', 0, '2018-04-16 05:01:20', '2018-04-16 05:01:20'),
(2, 12, 'профилар', 0, '2018-06-01 05:14:24', '2018-06-01 05:14:24'),
(3, 13, 'y name', 0, '2018-06-01 05:14:45', '2018-06-01 05:14:45'),
(4, 15, 'Test', 0, '2018-06-12 11:17:14', '2018-06-12 11:17:14');

-- --------------------------------------------------------

--
-- Структура таблицы `histories`
--

CREATE TABLE `histories` (
  `id` int(11) NOT NULL,
  `parent_id` int(10) NOT NULL,
  `parent_type` varchar(255) NOT NULL,
  `user_id` int(10) NOT NULL,
  `role` tinyint(1) DEFAULT NULL,
  `created_at` timestamp NULL DEFAULT NULL,
  `updated_at` timestamp NULL DEFAULT NULL
) ENGINE=InnoDB DEFAULT CHARSET=utf8;

--
-- Дамп данных таблицы `histories`
--

INSERT INTO `histories` (`id`, `parent_id`, `parent_type`, `user_id`, `role`, `created_at`, `updated_at`) VALUES
(3, 4, 'service_orders', 1, 1, '2018-03-20 07:53:20', '2018-03-20 07:53:20'),
(4, 4, 'service_orders', 1, 2, '2018-03-20 07:53:20', '2018-03-20 07:53:20'),
(5, 2, 'shipping_orders', 1, 1, '2018-04-05 06:05:17', '2018-04-05 06:05:17'),
(6, 2, 'shipping_orders', 1, 2, '2018-04-05 06:05:17', '2018-04-05 06:05:17'),
(7, 2, 'shipping_orders', 1, 1, '2018-05-04 23:50:21', '2018-05-04 23:50:21'),
(8, 2, 'shipping_orders', 1, 2, '2018-05-04 23:50:21', '2018-05-04 23:50:21'),
(9, 4, 'service_orders', 1, 1, '2018-05-24 06:41:02', '2018-05-24 06:41:02'),
(10, 4, 'service_orders', 1, 2, '2018-05-24 06:41:02', '2018-05-24 06:41:02'),
(11, 44, 'service_orders', 1, 1, '2018-05-24 07:20:34', '2018-05-24 07:20:34'),
(12, 44, 'service_orders', 10, 2, '2018-05-24 07:20:35', '2018-05-24 07:20:35'),
(13, 47, 'service_orders', 35, 1, '2018-06-01 06:22:14', '2018-06-01 06:22:14'),
(14, 47, 'service_orders', 14, 2, '2018-06-01 06:22:14', '2018-06-01 06:22:14'),
(15, 46, 'service_orders', 35, 1, '2018-06-01 06:40:32', '2018-06-01 06:40:32'),
(16, 46, 'service_orders', 14, 2, '2018-06-01 06:40:32', '2018-06-01 06:40:32'),
(17, 2, 'shipping_orders', 1, 1, '2018-06-04 06:41:57', '2018-06-04 06:41:57'),
(18, 2, 'shipping_orders', 1, 2, '2018-06-04 06:41:57', '2018-06-04 06:41:57'),
(19, 48, 'service_orders', 38, 1, '2018-06-04 07:09:56', '2018-06-04 07:09:56'),
(20, 48, 'service_orders', 11, 2, '2018-06-04 07:09:56', '2018-06-04 07:09:56'),
(21, 54, 'service_orders', 38, 1, '2018-06-04 08:30:47', '2018-06-04 08:30:47'),
(22, 54, 'service_orders', 11, 2, '2018-06-04 08:30:47', '2018-06-04 08:30:47'),
(23, 25, 'item_orders', 38, 1, '2018-06-04 08:46:17', '2018-06-04 08:46:17'),
(24, 25, 'item_orders', 11, 2, '2018-06-04 08:46:17', '2018-06-04 08:46:17'),
(25, 24, 'item_orders', 38, 1, '2018-06-04 08:46:48', '2018-06-04 08:46:48'),
(26, 24, 'item_orders', 11, 2, '2018-06-04 08:46:48', '2018-06-04 08:46:48'),
(27, 20, 'shipping_orders', 38, 1, '2018-06-05 07:09:43', '2018-06-05 07:09:43'),
(28, 20, 'shipping_orders', 11, 2, '2018-06-05 07:09:43', '2018-06-05 07:09:43'),
(29, 20, 'shipping_orders', 38, 1, '2018-06-05 07:09:44', '2018-06-05 07:09:44'),
(30, 20, 'shipping_orders', 11, 2, '2018-06-05 07:09:44', '2018-06-05 07:09:44'),
(31, 57, 'service_orders', 42, 1, '2018-06-08 15:16:40', '2018-06-08 15:16:40'),
(32, 57, 'service_orders', 16, 2, '2018-06-08 15:16:40', '2018-06-08 15:16:40'),
(33, 63, 'service_orders', 41, 1, '2018-06-12 06:29:11', '2018-06-12 06:29:11'),
(34, 63, 'service_orders', 15, 2, '2018-06-12 06:29:11', '2018-06-12 06:29:11'),
(35, 59, 'service_orders', 41, 1, '2018-06-12 06:32:06', '2018-06-12 06:32:06'),
(36, 59, 'service_orders', 15, 2, '2018-06-12 06:32:07', '2018-06-12 06:32:07'),
(37, 65, 'service_orders', 41, 1, '2018-06-12 06:39:42', '2018-06-12 06:39:42'),
(38, 65, 'service_orders', 15, 2, '2018-06-12 06:39:42', '2018-06-12 06:39:42'),
(39, 69, 'service_orders', 41, 1, '2018-06-12 08:09:13', '2018-06-12 08:09:13'),
(40, 69, 'service_orders', 15, 2, '2018-06-12 08:09:13', '2018-06-12 08:09:13'),
(41, 67, 'service_orders', 41, 1, '2018-06-12 08:18:54', '2018-06-12 08:18:54'),
(42, 67, 'service_orders', 15, 2, '2018-06-12 08:18:54', '2018-06-12 08:18:54'),
(43, 72, 'service_orders', 41, 1, '2018-06-12 08:39:31', '2018-06-12 08:39:31'),
(44, 72, 'service_orders', 15, 2, '2018-06-12 08:39:31', '2018-06-12 08:39:31'),
(45, 75, 'service_orders', 41, 1, '2018-06-12 08:57:20', '2018-06-12 08:57:20'),
(46, 75, 'service_orders', 15, 2, '2018-06-12 08:57:20', '2018-06-12 08:57:20'),
(47, 76, 'service_orders', 41, 1, '2018-06-12 09:05:50', '2018-06-12 09:05:50'),
(48, 76, 'service_orders', 15, 2, '2018-06-12 09:05:50', '2018-06-12 09:05:50'),
(49, 70, 'service_orders', 41, 1, '2018-06-12 09:07:12', '2018-06-12 09:07:12'),
(50, 70, 'service_orders', 15, 2, '2018-06-12 09:07:12', '2018-06-12 09:07:12'),
(51, 84, 'service_orders', 42, 1, '2018-06-13 06:03:09', '2018-06-13 06:03:09'),
(52, 84, 'service_orders', 16, 2, '2018-06-13 06:03:10', '2018-06-13 06:03:10'),
(53, 23, 'shipping_orders', 41, 1, '2018-06-13 06:50:22', '2018-06-13 06:50:22'),
(54, 23, 'shipping_orders', 15, 2, '2018-06-13 06:50:22', '2018-06-13 06:50:22'),
(55, 88, 'service_orders', 43, 1, '2018-06-14 06:58:53', '2018-06-14 06:58:53'),
(56, 88, 'service_orders', 17, 2, '2018-06-14 06:58:53', '2018-06-14 06:58:53'),
(57, 88, 'service_orders', 43, 1, '2018-06-14 06:58:53', '2018-06-14 06:58:53'),
(58, 88, 'service_orders', 17, 2, '2018-06-14 06:58:53', '2018-06-14 06:58:53'),
(59, 88, 'service_orders', 43, 1, '2018-06-14 06:58:54', '2018-06-14 06:58:54'),
(60, 88, 'service_orders', 17, 2, '2018-06-14 06:58:54', '2018-06-14 06:58:54'),
(61, 88, 'service_orders', 43, 1, '2018-06-14 06:58:57', '2018-06-14 06:58:57'),
(62, 88, 'service_orders', 17, 2, '2018-06-14 06:58:58', '2018-06-14 06:58:58'),
(63, 89, 'service_orders', 41, 1, '2018-06-14 07:57:08', '2018-06-14 07:57:08'),
(64, 89, 'service_orders', 15, 2, '2018-06-14 07:57:08', '2018-06-14 07:57:08'),
(65, 88, 'service_orders', 43, 1, '2018-06-14 14:38:37', '2018-06-14 14:38:37'),
(66, 88, 'service_orders', 17, 2, '2018-06-14 14:38:38', '2018-06-14 14:38:38'),
(67, 88, 'service_orders', 43, 1, '2018-06-14 14:38:38', '2018-06-14 14:38:38'),
(68, 88, 'service_orders', 17, 2, '2018-06-14 14:38:39', '2018-06-14 14:38:39'),
(69, 88, 'service_orders', 43, 1, '2018-06-14 14:38:39', '2018-06-14 14:38:39'),
(70, 88, 'service_orders', 17, 2, '2018-06-14 14:38:40', '2018-06-14 14:38:40'),
(71, 88, 'service_orders', 43, 1, '2018-06-14 14:38:42', '2018-06-14 14:38:42'),
(72, 88, 'service_orders', 17, 2, '2018-06-14 14:38:42', '2018-06-14 14:38:42'),
(73, 88, 'service_orders', 43, 1, '2018-06-14 14:38:43', '2018-06-14 14:38:43'),
(74, 88, 'service_orders', 17, 2, '2018-06-14 14:38:43', '2018-06-14 14:38:43'),
(75, 88, 'service_orders', 43, 1, '2018-06-14 14:38:44', '2018-06-14 14:38:44'),
(76, 88, 'service_orders', 17, 2, '2018-06-14 14:38:44', '2018-06-14 14:38:44'),
(77, 26, 'shipping_orders', 43, 1, '2018-06-15 11:46:05', '2018-06-15 11:46:05'),
(78, 26, 'shipping_orders', 17, 2, '2018-06-15 11:46:06', '2018-06-15 11:46:06'),
(79, 2, 'shipping_orders', 1, 1, '2020-03-29 18:08:42', '2020-03-29 18:08:42'),
(80, 3, 'shipping_orders', 1, 1, '2020-03-30 16:55:48', '2020-03-30 16:55:48'),
(81, 2, 'item_orders', 1, 1, '2020-03-31 08:17:35', '2020-03-31 08:17:35'),
(82, 2, 'item_orders', 1, 1, '2020-03-31 08:18:02', '2020-03-31 08:18:02'),
(83, 2, 'item_orders', 1, 1, '2020-03-31 08:19:32', '2020-03-31 08:19:32'),
(84, 2, 'item_orders', 1, 1, '2020-03-31 08:20:47', '2020-03-31 08:20:47'),
(85, 3, 'item_orders', 1, 1, '2020-03-31 16:27:46', '2020-03-31 16:27:46'),
(86, 34, 'item_orders', 1, 1, '2020-03-31 16:27:53', '2020-03-31 16:27:53'),
(87, 44, 'shipping_orders', 1, 1, '2020-03-31 19:17:01', '2020-03-31 19:17:01'),
(88, 2, 'item_orders', 1, 1, '2020-04-03 12:25:22', '2020-04-03 12:25:22');

-- --------------------------------------------------------

--
-- Структура таблицы `images`
--

CREATE TABLE `images` (
  `id` int(10) UNSIGNED NOT NULL,
  `parent_type` varchar(255) COLLATE utf8mb4_unicode_ci NOT NULL,
  `parent_id` varchar(255) COLLATE utf8mb4_unicode_ci NOT NULL,
  `path` varchar(255) COLLATE utf8mb4_unicode_ci NOT NULL,
  `created_at` timestamp NULL DEFAULT NULL,
  `updated_at` timestamp NULL DEFAULT NULL
) ENGINE=InnoDB DEFAULT CHARSET=utf8mb4 COLLATE=utf8mb4_unicode_ci;

--
-- Дамп данных таблицы `images`
--

INSERT INTO `images` (`id`, `parent_type`, `parent_id`, `path`, `created_at`, `updated_at`) VALUES
(1, 'service_orders', '3', 'uploads/1521097605ln7qa.jpg', '2018-03-15 07:06:45', '2018-03-15 07:06:45'),
(2, 'passport', '1', 'uploads/1522147027ROopw.jpg', '2018-03-27 10:37:07', '2018-03-27 10:37:07'),
(3, 'passport', '1', 'uploads/1522147027s5nWG.jpg', '2018-03-27 10:37:07', '2018-03-27 10:37:07'),
(4, 'passport', '1', 'uploads/1522147027IQqOt.jpg', '2018-03-27 10:37:07', '2018-03-27 10:37:07'),
(5, 'service_orders', '11', 'uploads/1523538379qxAyK.jpg', '2018-04-12 13:06:19', '2018-04-12 13:06:19'),
(8, 'service_orders', '14', 'uploads/1523636962Z3QYy.jpg', '2018-04-13 16:29:22', '2018-04-13 16:29:22'),
(9, 'service_orders', '15', 'uploads/1523856703XgOmK.jpg', '2018-04-16 05:31:43', '2018-04-16 05:31:43'),
(10, 'shipping_orders', '4', 'uploads/1523858413oo7Lg.jpg', '2018-04-16 06:00:13', '2018-04-16 06:00:13'),
(11, 'service_orders', '20', 'uploads/1523866373Gx8sk.jpeg', '2018-04-16 08:12:53', '2018-04-16 08:12:53'),
(12, 'service_orders', '21', 'uploads/1523869767BCspX.jpg', '2018-04-16 09:09:27', '2018-04-16 09:09:27'),
(13, 'service_orders', '22', 'uploads/1523949360PEW67.jpg', '2018-04-17 07:16:00', '2018-04-17 07:16:00'),
(14, 'shipping_orders', '6', 'uploads/1523949417kVG6A.jpg', '2018-04-17 07:16:57', '2018-04-17 07:16:57'),
(15, 'service_orders', '23', 'uploads/15240317374lnV0.jpg', '2018-04-18 06:08:57', '2018-04-18 06:08:57'),
(16, 'service_orders', '23', 'uploads/1524031737jQid1.jpg', '2018-04-18 06:08:57', '2018-04-18 06:08:57'),
(17, 'service_orders', '23', 'uploads/1524031738217YI.jpg', '2018-04-18 06:08:58', '2018-04-18 06:08:58'),
(18, 'service_orders', '23', 'uploads/1524031738DpH5I.jpg', '2018-04-18 06:08:58', '2018-04-18 06:08:58'),
(19, 'shipping_orders', '7', 'uploads/1524032162KPTBY.jpg', '2018-04-18 06:16:02', '2018-04-18 06:16:02'),
(20, 'passport', '1', 'uploads/1524044060ZD18C.jpeg', '2018-04-18 09:34:20', '2018-04-18 09:34:20'),
(21, 'passport', '1', 'uploads/1524044060NiHnU.jpeg', '2018-04-18 09:34:20', '2018-04-18 09:34:20'),
(22, 'passport', '1', 'uploads/1524044060UigWX.jpeg', '2018-04-18 09:34:20', '2018-04-18 09:34:20'),
(23, 'service_orders', '25', 'uploads/1524052740H479T.jpg', '2018-04-18 11:59:00', '2018-04-18 11:59:00'),
(24, 'shipping_orders', '8', 'uploads/1524052857BtIOH.jpg', '2018-04-18 12:00:57', '2018-04-18 12:00:57'),
(25, 'service_orders', '26', 'uploads/1524140829EldxM.png', '2018-04-19 12:27:09', '2018-04-19 12:27:09'),
(26, 'service_orders', '30', 'uploads/1524725823W5oBH.jpg', '2018-04-26 06:57:03', '2018-04-26 06:57:03'),
(27, 'service_orders', '32', 'uploads/1524736625FOsm9.jpg', '2018-04-26 09:57:05', '2018-04-26 09:57:05'),
(28, 'service_orders', '33', 'uploads/1524738126QY3IY.jpg', '2018-04-26 10:22:06', '2018-04-26 10:22:06'),
(29, 'service_orders', '36', 'uploads/1524750261GBvDw.jpg', '2018-04-26 13:44:21', '2018-04-26 13:44:21'),
(30, 'shipping_orders', '11', 'uploads/1524788690G3qTV.jpg', '2018-04-27 00:24:50', '2018-04-27 00:24:50'),
(31, 'passport', '1', 'uploads/1524801237X4GwP.jpeg', '2018-04-27 03:53:57', '2018-04-27 03:53:57'),
(32, 'passport', '1', 'uploads/1524801238l0DzS.jpeg', '2018-04-27 03:53:58', '2018-04-27 03:53:58'),
(33, 'passport', '1', 'uploads/1524801238sLSWr.jpeg', '2018-04-27 03:53:58', '2018-04-27 03:53:58'),
(34, 'passport', '1', 'uploads/15253557210Tqt8.jpeg', '2018-05-03 13:55:21', '2018-05-03 13:55:21'),
(35, 'passport', '1', 'uploads/1525355721fOsxV.jpeg', '2018-05-03 13:55:21', '2018-05-03 13:55:21'),
(36, 'passport', '1', 'uploads/1525355721ZijKZ.jpeg', '2018-05-03 13:55:21', '2018-05-03 13:55:21'),
(37, 'passport', '1', 'uploads/15254007227t8sc.jpeg', '2018-05-04 02:25:22', '2018-05-04 02:25:22'),
(38, 'passport', '1', 'uploads/15254007224LWli.jpeg', '2018-05-04 02:25:22', '2018-05-04 02:25:22'),
(39, 'passport', '1', 'uploads/1525400722Le6u8.jpeg', '2018-05-04 02:25:22', '2018-05-04 02:25:22'),
(40, 'passport', '6', 'uploads/1525441998M90XT.jpg', '2018-05-04 13:53:18', '2018-05-04 13:53:18'),
(41, 'passport', '6', 'uploads/1525441998dTao5.jpg', '2018-05-04 13:53:18', '2018-05-04 13:53:18'),
(42, 'passport', '6', 'uploads/1525441998rU3Kg.jpg', '2018-05-04 13:53:18', '2018-05-04 13:53:18'),
(43, 'passport', '6', 'uploads/15254421298GZ2Q.jpeg', '2018-05-04 13:55:29', '2018-05-04 13:55:29'),
(44, 'passport', '6', 'uploads/15254421300zJU4.jpeg', '2018-05-04 13:55:30', '2018-05-04 13:55:30'),
(45, 'passport', '6', 'uploads/1525442130WpQX2.jpeg', '2018-05-04 13:55:30', '2018-05-04 13:55:30'),
(46, 'passport', '6', 'uploads/1525442442Qks8j.jpg', '2018-05-04 14:00:42', '2018-05-04 14:00:42'),
(47, 'passport', '6', 'uploads/1525442443Zq85V.jpg', '2018-05-04 14:00:43', '2018-05-04 14:00:43'),
(48, 'passport', '6', 'uploads/1525442443VLMaa.jpg', '2018-05-04 14:00:43', '2018-05-04 14:00:43'),
(51, 'car', '7', 'uploads/15260288259sCQ5.jpg', '2018-05-11 08:53:45', '2018-05-11 08:53:45'),
(52, 'car', '7', 'uploads/15260288863QUQW.jpg', '2018-05-11 08:54:46', '2018-05-11 08:54:46'),
(53, 'car', '1', 'uploads/1526029153pVBoA.jpg', '2018-05-11 08:59:13', '2018-05-11 08:59:13'),
(54, 'car', '7', 'uploads/1526029265smqQd.jpg', '2018-05-11 09:01:05', '2018-05-11 09:01:05'),
(55, 'car', '30', 'uploads/1526029366qUyiu.jpg', '2018-05-11 09:02:46', '2018-05-11 09:02:46'),
(56, 'service_orders', '39', 'uploads/1526395220izu7E.jpg', '2018-05-15 14:40:20', '2018-05-15 14:40:20'),
(57, 'passport', '8', 'uploads/1526447940Lntmh.jpg', '2018-05-16 05:19:00', '2018-05-16 05:19:00'),
(58, 'passport', '8', 'uploads/1526447940qPYzk.jpg', '2018-05-16 05:19:00', '2018-05-16 05:19:00'),
(59, 'service_orders', '40', 'uploads/1526449412zR1EE.jpg', '2018-05-16 05:43:32', '2018-05-16 05:43:32'),
(60, 'shipping_orders', '19', 'uploads/1526464868hCFhi.jpg', '2018-05-16 10:01:08', '2018-05-16 10:01:08'),
(61, 'service_orders', '41', 'uploads/1526464919J7L8x.jpg', '2018-05-16 10:01:59', '2018-05-16 10:01:59'),
(62, 'car', '32', 'uploads/1527053714d0n91.jpeg', '2018-05-23 05:35:14', '2018-05-23 05:35:14'),
(63, 'car', '33', 'uploads/1527055310YdCju.jpeg', '2018-05-23 06:01:50', '2018-05-23 06:01:50'),
(64, 'service_orders', '44', 'uploads/1527144820H5GxX.jpg', '2018-05-24 06:53:40', '2018-05-24 06:53:40'),
(65, 'car', '34', 'uploads/1527506570ZOXnd.jpeg', '2018-05-28 11:22:50', '2018-05-28 11:22:50'),
(66, 'car', '34', 'uploads/1527506570YM0GY.jpeg', '2018-05-28 11:22:50', '2018-05-28 11:22:50'),
(67, 'car', '34', 'uploads/152750657099LfQ.jpeg', '2018-05-28 11:22:50', '2018-05-28 11:22:50'),
(68, 'car', '35', 'uploads/1527506572EybN4.jpeg', '2018-05-28 11:22:52', '2018-05-28 11:22:52'),
(69, 'car', '35', 'uploads/1527506572X8EMD.jpeg', '2018-05-28 11:22:52', '2018-05-28 11:22:52'),
(70, 'car', '35', 'uploads/1527506572qBO1K.jpeg', '2018-05-28 11:22:52', '2018-05-28 11:22:52'),
(71, 'car', '36', 'uploads/1527507040hQTsN.jpeg', '2018-05-28 11:30:40', '2018-05-28 11:30:40'),
(72, 'car', '36', 'uploads/1527507040TdMb2.jpeg', '2018-05-28 11:30:40', '2018-05-28 11:30:40'),
(73, 'service_orders', '48', 'uploads/1527750656lGR9i.jpg', '2018-05-31 07:10:56', '2018-05-31 07:10:56'),
(74, 'shipping_orders', '20', 'uploads/1528090943r6gLd.jpg', '2018-06-04 05:42:23', '2018-06-04 05:42:23'),
(76, 'car', '42', 'uploads/1528373299IZCHP.jpeg', '2018-06-07 12:08:19', '2018-06-07 12:08:19'),
(77, 'service_orders', '56', 'uploads/1528458643ykZHh.jpg', '2018-06-08 11:50:43', '2018-06-08 11:50:43'),
(78, 'service_orders', '57', 'uploads/1528470855oQ1Aq.jpg', '2018-06-08 15:14:15', '2018-06-08 15:14:15'),
(79, 'passport', '15', 'uploads/1528800689qttvS.jpeg', '2018-06-12 10:51:29', '2018-06-12 10:51:29'),
(80, 'passport', '15', 'uploads/1528800689kMAKw.jpeg', '2018-06-12 10:51:29', '2018-06-12 10:51:29'),
(81, 'passport', '15', 'uploads/152880068937jsr.jpeg', '2018-06-12 10:51:29', '2018-06-12 10:51:29'),
(82, 'passport', '15', 'uploads/1528800892LMe6A.jpeg', '2018-06-12 10:54:52', '2018-06-12 10:54:52'),
(83, 'passport', '15', 'uploads/1528800892XiFEG.jpeg', '2018-06-12 10:54:52', '2018-06-12 10:54:52'),
(84, 'passport', '15', 'uploads/1528800892WAgdh.jpeg', '2018-06-12 10:54:52', '2018-06-12 10:54:52'),
(85, 'service_orders', '78', 'uploads/1528828421AOM5i.jpeg', '2018-06-12 18:33:41', '2018-06-12 18:33:41'),
(86, 'service_orders', '79', 'uploads/1528828438snEFA.jpeg', '2018-06-12 18:33:58', '2018-06-12 18:33:58'),
(87, 'service_orders', '80', 'uploads/1528866671DQOFJ.jpg', '2018-06-13 05:11:11', '2018-06-13 05:11:11'),
(88, 'service_orders', '81', 'uploads/1528866975cgape.jpg', '2018-06-13 05:16:15', '2018-06-13 05:16:15'),
(89, 'service_orders', '82', 'uploads/1528867537mMoRA.jpg', '2018-06-13 05:25:37', '2018-06-13 05:25:37'),
(90, 'service_orders', '83', 'uploads/15288680893RsGL.jpg', '2018-06-13 05:34:49', '2018-06-13 05:34:49'),
(91, 'service_orders', '84', 'uploads/1528868422ggtIu.jpg', '2018-06-13 05:40:22', '2018-06-13 05:40:22'),
(92, 'shipping_orders', '24', 'uploads/1528894715YDOAs.jpg', '2018-06-13 12:58:35', '2018-06-13 12:58:35'),
(93, 'service_orders', '87', 'uploads/1528914324InBNP.jpg', '2018-06-13 18:25:24', '2018-06-13 18:25:24'),
(94, 'service_orders', '88', 'uploads/1528958946ruC5Y.jpg', '2018-06-14 06:49:06', '2018-06-14 06:49:06'),
(95, 'passport', '17', 'uploads/1528987355NWUBi.jpg', '2018-06-14 14:42:35', '2018-06-14 14:42:35'),
(96, 'passport', '17', 'uploads/1528987355nkIU5.jpg', '2018-06-14 14:42:35', '2018-06-14 14:42:35'),
(97, 'passport', '17', 'uploads/1528987356RIAx8.jpg', '2018-06-14 14:42:36', '2018-06-14 14:42:36'),
(98, 'passport', '17', 'uploads/1528987395rQ8bm.jpg', '2018-06-14 14:43:15', '2018-06-14 14:43:15'),
(99, 'passport', '17', 'uploads/1528987396u3Zea.jpg', '2018-06-14 14:43:16', '2018-06-14 14:43:16'),
(100, 'passport', '17', 'uploads/15289873966jv2f.jpg', '2018-06-14 14:43:16', '2018-06-14 14:43:16'),
(101, 'service_orders', '113', 'http://78.24.220.197:778/service/1585905516Dt425.jpg', '2020-04-03 12:18:36', '2020-04-03 12:18:36'),
(103, 'car', '55', 'http://78.24.220.197:778/uploads/1585931547Xr1Yf.jpg', '2020-04-03 19:32:27', '2020-04-03 19:32:27'),
(105, 'car', '60', 'uploads/1585934055qLoj3.jpg', '2020-04-03 20:14:15', '2020-04-03 20:14:15');

-- --------------------------------------------------------

--
-- Структура таблицы `item_drivers`
--

CREATE TABLE `item_drivers` (
  `id` int(11) NOT NULL,
  `item_order_id` int(11) NOT NULL,
  `driver_id` int(11) DEFAULT NULL,
  `created_at` timestamp NULL DEFAULT CURRENT_TIMESTAMP,
  `updated_at` timestamp NULL DEFAULT CURRENT_TIMESTAMP
) ENGINE=InnoDB DEFAULT CHARSET=utf8;

--
-- Дамп данных таблицы `item_drivers`
--

INSERT INTO `item_drivers` (`id`, `item_order_id`, `driver_id`, `created_at`, `updated_at`) VALUES
(1, 35, 1, '2020-04-01 13:51:02', '2020-04-01 13:51:02');

-- --------------------------------------------------------

--
-- Структура таблицы `item_orders`
--

CREATE TABLE `item_orders` (
  `id` int(10) UNSIGNED NOT NULL,
  `material_id` int(11) DEFAULT NULL,
  `material_type_id` int(11) DEFAULT NULL,
  `date` timestamp NULL DEFAULT NULL,
  `count` varchar(255) COLLATE utf8mb4_unicode_ci DEFAULT NULL,
  `count_type_id` int(11) DEFAULT NULL,
  `to_address_id` int(11) DEFAULT NULL,
  `price` varchar(255) COLLATE utf8mb4_unicode_ci DEFAULT NULL,
  `description` text COLLATE utf8mb4_unicode_ci,
  `client_id` int(11) DEFAULT NULL,
  `driver_id` int(11) DEFAULT NULL,
  `type` varchar(255) COLLATE utf8mb4_unicode_ci NOT NULL,
  `step` int(1) NOT NULL DEFAULT '1',
  `work_start` timestamp NULL DEFAULT NULL,
  `work_end` timestamp NULL DEFAULT NULL,
  `created_at` timestamp NULL DEFAULT NULL,
  `updated_at` timestamp NULL DEFAULT NULL
) ENGINE=InnoDB DEFAULT CHARSET=utf8mb4 COLLATE=utf8mb4_unicode_ci;

--
-- Дамп данных таблицы `item_orders`
--

INSERT INTO `item_orders` (`id`, `material_id`, `material_type_id`, `date`, `count`, `count_type_id`, `to_address_id`, `price`, `description`, `client_id`, `driver_id`, `type`, `step`, `work_start`, `work_end`, `created_at`, `updated_at`) VALUES
(2, 1, 1, '2018-03-20 14:18:00', '1', 1, 22, '450', 'my des', 1, NULL, 'item_orders', 3, NULL, '2020-04-03 12:25:22', '2018-03-20 07:03:43', '2020-04-03 12:25:22'),
(3, 1, 1, '2018-04-13 14:18:00', '1', 1, 39, '450', 'my des', 1, 1, 'item_orders', 3, NULL, '2020-03-31 16:27:46', '2018-04-13 14:20:26', '2020-03-31 16:27:46'),
(4, 1, 1, '2017-03-22 07:22:13', '2400000', 2, 40, '24000000', 'Kamdklasm random description', 26, NULL, 'item_orders', 1, NULL, NULL, '2018-04-13 16:27:44', '2018-04-13 16:27:44'),
(5, 1, 1, '2018-04-18 10:31:00', '1200', 3, 61, '120000', 'Cfghjbbhjjjkkklllllll', 26, NULL, 'item_orders', 1, NULL, NULL, '2018-04-16 08:29:30', '2018-04-16 08:29:30'),
(6, 1, 1, '2018-04-16 14:18:00', '1', 1, 64, '450', 'my des', 1, NULL, 'item_orders', 1, NULL, NULL, '2018-04-16 08:37:01', '2018-04-16 08:37:01'),
(7, 1, 1, '2018-04-22 10:45:00', '1200', 3, 65, '1200', 'Dghjjkkkkl', 26, NULL, 'item_orders', 1, NULL, NULL, '2018-04-16 08:44:55', '2018-04-16 08:44:55'),
(10, 1, 1, '2018-04-27 14:18:00', '1', 1, 115, '450', 'my des', 35, 7, 'item_orders', 2, NULL, NULL, '2018-04-27 13:26:56', '2018-05-15 13:41:43'),
(11, 1, 1, '2018-03-26 18:00:00', '5000', 4, 116, '600000', 'kvlbob', 35, 7, 'item_orders', 2, NULL, NULL, '2018-04-27 13:29:13', '2018-05-15 12:34:12'),
(14, 1, 2, '2018-05-19 01:39:00', '2222222', 5, 122, '11111111', 'Gggggggg', 38, NULL, 'item_orders', 1, NULL, NULL, '2018-05-16 01:40:07', '2018-05-16 01:40:07'),
(15, 1, 1, '2018-05-17 14:18:00', '1', 1, 129, '450', 'my des', 35, NULL, 'item_orders', 1, NULL, NULL, '2018-05-17 04:51:06', '2018-05-17 04:51:06'),
(16, 1, 1, '2018-01-31 18:00:00', '1', 1, 130, '450', 'my des', 35, NULL, 'item_orders', 1, NULL, NULL, '2018-05-17 04:52:31', '2018-05-17 04:52:31'),
(17, 1, 1, '2018-01-31 18:00:00', '1', 1, 131, '450', 'my des', 35, NULL, 'item_orders', 1, NULL, NULL, '2018-05-17 04:54:17', '2018-05-17 04:54:17'),
(18, 1, 1, '2018-01-31 18:00:00', '1', 1, 132, '450', 'my des', 35, NULL, 'item_orders', 1, NULL, NULL, '2018-05-17 04:54:19', '2018-05-17 04:54:19'),
(19, 1, 1, '2018-01-31 18:00:00', '1', 1, 133, '450', 'my des', 35, NULL, 'item_orders', 1, NULL, NULL, '2018-05-17 04:54:25', '2018-05-17 04:54:25'),
(20, 1, 1, '2018-01-31 18:00:00', '1', 1, 134, '450', 'my des', 35, NULL, 'item_orders', 1, NULL, NULL, '2018-05-17 04:54:26', '2018-05-17 04:54:26'),
(21, 1, 1, '2018-01-31 18:00:01', '1', 1, 135, '450', 'my des', 35, NULL, 'item_orders', 1, NULL, NULL, '2018-05-17 04:54:57', '2018-05-17 04:54:57'),
(22, 1, 1, '2018-05-24 14:18:00', '1', 1, 137, '4501111', 'my des', 1, NULL, 'item_orders', 1, NULL, NULL, '2018-05-24 07:34:03', '2018-05-24 07:34:03'),
(23, 1, 2, '2018-05-24 14:18:00', '1', 1, 138, '4501111', 'my des', 1, NULL, 'item_orders', 1, NULL, NULL, '2018-05-24 07:35:09', '2018-05-24 07:35:09'),
(24, 1, 2, '2018-05-05 18:00:00', '12222', 2, 150, '4444', 'Kjandkjasndkjansdkjn', 38, 11, 'item_orders', 3, NULL, NULL, '2018-06-04 07:16:14', '2018-06-04 08:46:47'),
(25, 1, 1, '2018-05-05 18:00:00', '330099', 2, 151, '321123312', 'Jndjfndjfndjnfj', 38, 11, 'item_orders', 3, NULL, NULL, '2018-06-04 07:35:35', '2018-06-04 08:46:17'),
(26, 1, 1, '2018-06-10 18:00:00', '9', 1, 162, '9000', 'Nnnnn', 41, NULL, 'item_orders', 1, NULL, NULL, '2018-06-11 09:39:02', '2018-06-11 09:39:02'),
(27, 1, 1, '2018-06-10 18:00:00', '6', 1, 163, '9632', 'Bbbbb', 41, NULL, 'item_orders', 1, NULL, NULL, '2018-06-11 09:45:03', '2018-06-11 09:45:03'),
(28, 1, 1, '2018-06-12 18:00:00', '6000', 2, 192, '6000', 'Ihiihi', 41, NULL, 'item_orders', 1, NULL, NULL, '2018-06-13 06:38:03', '2018-06-13 06:38:03'),
(29, 1, 2, '2019-10-24 12:16:00', '28', 2, 209, '14000.0', 't8g8', 47, NULL, 'item_orders', 1, NULL, NULL, '2019-10-21 12:16:46', '2019-10-21 12:16:46'),
(30, 1, 1, '2019-10-23 14:18:00', '1', 1, 213, '450', 'my des', 1, NULL, 'item_orders', 1, NULL, NULL, '2019-10-23 06:07:10', '2019-10-23 06:07:10'),
(31, 1, 1, '2020-03-31 17:18:00', '1', 1, 216, '450', 'my des', 1, NULL, 'item_orders', 1, NULL, NULL, '2020-03-31 06:58:42', '2020-03-31 06:58:42'),
(32, 1, 1, '2020-03-31 17:18:00', '1', 1, 217, '43500', 'my des', 1, NULL, 'item_orders', 1, NULL, NULL, '2020-03-31 06:59:33', '2020-03-31 06:59:33'),
(33, 1, 1, '2020-03-31 17:18:00', '1', 1, 220, '43500', 'my des', 1, NULL, 'item_orders', 1, NULL, NULL, '2020-03-31 15:31:24', '2020-03-31 15:31:24'),
(34, 1, 1, '2020-03-31 17:20:00', '1', 1, 221, '450', 'my des', 1, NULL, 'item_orders', 3, NULL, '2020-03-31 16:27:53', '2020-03-31 15:33:18', '2020-03-31 16:29:40'),
(35, 1, 1, '2020-04-01 17:18:00', '1', 1, 225, '450', 'my des', 1, NULL, 'item_orders', 2, '2020-04-01 16:51:02', NULL, '2020-04-01 15:37:43', '2020-04-01 16:51:02'),
(36, 1, 1, '2020-04-03 17:18:00', '1', 1, 231, '450', 'my des', 1, NULL, 'item_orders', 1, NULL, NULL, '2020-04-03 06:18:32', '2020-04-03 06:18:32'),
(37, 2, 2, '2020-04-29 21:00:00', '13', 2, 232, '6000', 'sds asj as item', 41, NULL, 'item_orders', 1, NULL, NULL, '2020-04-03 06:21:19', '2020-04-03 06:21:19');

-- --------------------------------------------------------

--
-- Структура таблицы `materials`
--

CREATE TABLE `materials` (
  `id` int(10) UNSIGNED NOT NULL,
  `name` varchar(255) COLLATE utf8mb4_unicode_ci NOT NULL,
  `created_at` timestamp NULL DEFAULT NULL,
  `updated_at` timestamp NULL DEFAULT NULL
) ENGINE=InnoDB DEFAULT CHARSET=utf8mb4 COLLATE=utf8mb4_unicode_ci;

--
-- Дамп данных таблицы `materials`
--

INSERT INTO `materials` (`id`, `name`, `created_at`, `updated_at`) VALUES
(1, 'Песок', NULL, NULL),
(2, 'Кирпич', NULL, NULL);

-- --------------------------------------------------------

--
-- Структура таблицы `material_types`
--

CREATE TABLE `material_types` (
  `id` int(10) UNSIGNED NOT NULL,
  `material_id` int(11) NOT NULL,
  `name` varchar(255) COLLATE utf8mb4_unicode_ci NOT NULL,
  `created_at` timestamp NULL DEFAULT NULL,
  `updated_at` timestamp NULL DEFAULT NULL
) ENGINE=InnoDB DEFAULT CHARSET=utf8mb4 COLLATE=utf8mb4_unicode_ci;

--
-- Дамп данных таблицы `material_types`
--

INSERT INTO `material_types` (`id`, `material_id`, `name`, `created_at`, `updated_at`) VALUES
(1, 1, 'Фракция 5x20', NULL, NULL),
(2, 1, 'Фракция 10x20', NULL, NULL),
(3, 1, 'asdasd', '2018-06-15 05:13:27', '2018-06-15 05:13:27');

-- --------------------------------------------------------

--
-- Структура таблицы `messages`
--

CREATE TABLE `messages` (
  `id` int(10) UNSIGNED NOT NULL,
  `driver_id` int(11) NOT NULL,
  `group_id` int(11) NOT NULL,
  `text` text COLLATE utf8mb4_unicode_ci NOT NULL,
  `created_at` timestamp NULL DEFAULT NULL,
  `updated_at` timestamp NULL DEFAULT NULL
) ENGINE=InnoDB DEFAULT CHARSET=utf8mb4 COLLATE=utf8mb4_unicode_ci;

--
-- Дамп данных таблицы `messages`
--

INSERT INTO `messages` (`id`, `driver_id`, `group_id`, `text`, `created_at`, `updated_at`) VALUES
(1, 1, 1, 'text one', '2018-05-24 06:10:06', '2018-05-24 06:10:06'),
(2, 1, 1, 'text one', '2018-05-25 20:21:16', '2018-05-25 20:21:16'),
(3, 1, 1, 'text one', '2018-05-25 20:21:19', '2018-05-25 20:21:19'),
(4, 1, 1, 'text one', '2018-05-25 20:21:20', '2018-05-25 20:21:20'),
(5, 1, 1, 'text one', '2018-05-25 20:21:21', '2018-05-25 20:21:21'),
(6, 1, 1, 'textsdfsdfsdfsdf', '2018-05-26 06:48:54', '2018-05-26 06:48:54'),
(7, 1, 1, 'text FRom YeraZhas', '2018-05-30 12:25:16', '2018-05-30 12:25:16'),
(8, 1, 1, 'text FRom YeraZhas', '2018-05-30 12:25:17', '2018-05-30 12:25:17'),
(9, 1, 1, 'text FRom YeraZhas', '2018-05-30 12:25:20', '2018-05-30 12:25:20'),
(10, 1, 1, 'text FRom YeraZhas', '2018-05-30 12:26:05', '2018-05-30 12:26:05'),
(11, 1, 1, 'text FRom YeraZhas', '2018-05-30 12:30:28', '2018-05-30 12:30:28'),
(12, 1, 1, 'text FRom YeraZhas', '2018-05-30 12:31:59', '2018-05-30 12:31:59'),
(13, 1, 1, 'text FRom YeraZhas', '2018-05-30 12:33:49', '2018-05-30 12:33:49'),
(14, 1, 1, 'text FRom YeraZhas', '2018-05-30 12:47:28', '2018-05-30 12:47:28'),
(15, 1, 1, 'text FRom YeraZhas', '2018-05-30 12:48:05', '2018-05-30 12:48:05'),
(16, 1, 1, 'text FRom YeraZhas', '2018-05-30 12:52:56', '2018-05-30 12:52:56'),
(17, 1, 1, 'text FRom YeraZhas', '2018-05-30 12:56:00', '2018-05-30 12:56:00'),
(18, 1, 1, 'text FRom YeraZhas', '2018-05-30 13:17:18', '2018-05-30 13:17:18'),
(19, 1, 1, 'text FRom YeraZhas', '2018-05-30 13:17:33', '2018-05-30 13:17:33'),
(20, 1, 1, 'text FRom YeraZhas', '2018-05-30 13:17:43', '2018-05-30 13:17:43'),
(21, 1, 1, 'text FRom YeraZhas', '2018-05-30 13:36:38', '2018-05-30 13:36:38'),
(22, 1, 1, 'text FRom YeraZhas', '2018-05-30 13:38:48', '2018-05-30 13:38:48'),
(23, 1, 1, 'text FRom YeraZhas', '2018-05-30 13:39:43', '2018-05-30 13:39:43'),
(24, 1, 1, 'text FRom YeraZhas', '2018-05-30 13:44:35', '2018-05-30 13:44:35'),
(25, 1, 1, 'text FRom YeraZhas', '2018-05-30 13:44:35', '2018-05-30 13:44:35'),
(26, 1, 1, 'text FRom YeraZhas', '2018-05-30 13:47:53', '2018-05-30 13:47:53'),
(27, 1, 1, 'text FRom YeraZhas', '2018-05-30 13:50:03', '2018-05-30 13:50:03'),
(28, 1, 1, 'text FRom YeraZhas', '2018-05-30 13:52:39', '2018-05-30 13:52:39'),
(29, 1, 1, 'text FRom YeraZhas', '2018-05-30 14:10:46', '2018-05-30 14:10:46'),
(30, 1, 1, 'text FRom YeraZhas', '2018-05-30 14:12:31', '2018-05-30 14:12:31'),
(31, 1, 1, 'text FRom YeraZhas', '2018-05-30 14:12:48', '2018-05-30 14:12:48'),
(32, 1, 1, 'text FRom YeraZhas', '2018-05-30 14:19:08', '2018-05-30 14:19:08'),
(33, 1, 1, 'text FRom YeraZhas', '2018-05-30 14:24:59', '2018-05-30 14:24:59'),
(34, 1, 1, 'text FRom YeraZhas', '2018-05-30 15:11:30', '2018-05-30 15:11:30'),
(35, 1, 1, 'text FRom YeraZhas', '2018-05-30 15:17:33', '2018-05-30 15:17:33'),
(36, 1, 1, 'text FRom YeraZhas', '2018-05-30 15:42:24', '2018-05-30 15:42:24'),
(37, 1, 1, 'text FRom YeraZhas', '2018-05-30 15:44:19', '2018-05-30 15:44:19'),
(38, 1, 1, 'text FRom YeraZhas', '2018-05-30 15:45:50', '2018-05-30 15:45:50'),
(39, 1, 1, 'text FRom YeraZhas', '2018-05-30 15:47:59', '2018-05-30 15:47:59'),
(40, 1, 1, 'text FRom YeraZhas', '2018-05-30 15:48:10', '2018-05-30 15:48:10'),
(41, 1, 1, 'text FRom YeraZhas', '2018-05-30 15:53:44', '2018-05-30 15:53:44'),
(42, 1, 1, 'text FRom YeraZhas', '2018-05-30 16:15:56', '2018-05-30 16:15:56'),
(43, 1, 1, 'text FRom YeraZhas', '2018-05-30 16:18:30', '2018-05-30 16:18:30'),
(44, 1, 1, 'text FRom YeraZhas', '2018-05-30 16:25:47', '2018-05-30 16:25:47'),
(45, 1, 1, 'text FRom YeraZhas', '2018-05-30 16:29:26', '2018-05-30 16:29:26'),
(46, 1, 1, 'text FRom YeraZhas', '2018-05-30 16:33:14', '2018-05-30 16:33:14'),
(47, 1, 1, 'sadasdasd', '2018-05-31 04:26:37', '2018-05-31 04:26:37'),
(48, 1, 1, 'Tytyteyteyteyte', '2018-05-31 04:26:59', '2018-05-31 04:26:59'),
(49, 1, 1, 'text FRom YeraZhas', '2018-05-31 04:27:33', '2018-05-31 04:27:33'),
(50, 1, 1, 'My name is Yera Zhas', '2018-05-31 04:27:45', '2018-05-31 04:27:45'),
(51, 1, 1, 'Kjdnaskjndka jnsdkjnaskjdnaskdnaskjdKjasnkjdnak jnkjansdkjnaskjdnaskjdn kjnaskdjnkasjndkja', '2018-05-31 04:28:06', '2018-05-31 04:28:06'),
(52, 1, 1, 'text FRom YeraZhas', '2018-05-31 04:28:42', '2018-05-31 04:28:42'),
(53, 1, 1, 'Me in atym', '2018-05-31 04:33:51', '2018-05-31 04:33:51'),
(54, 1, 1, 'My name is noname', '2018-05-31 04:34:01', '2018-05-31 04:34:01'),
(55, 1, 1, 'Here we go', '2018-05-31 04:39:51', '2018-05-31 04:39:51'),
(56, 1, 1, 'Come with me', '2018-05-31 04:40:03', '2018-05-31 04:40:03'),
(57, 1, 1, 'It’s the world that fell sdkfsdlfkmlsdkmflskdmflsdkmflkmsd', '2018-05-31 04:40:17', '2018-05-31 04:40:17'),
(58, 1, 1, 'Socket is up and running', '2018-05-31 04:40:34', '2018-05-31 04:40:34'),
(59, 1, 1, 'Kkkkk', '2018-05-31 04:41:36', '2018-05-31 04:41:36'),
(60, 1, 1, 'Nnfnnfnf', '2018-05-31 04:41:44', '2018-05-31 04:41:44'),
(61, 1, 1, 'asdasdas', '2018-05-31 04:42:44', '2018-05-31 04:42:44'),
(62, 1, 1, 'Mememmemememmememmemememe', '2018-05-31 04:42:59', '2018-05-31 04:42:59'),
(63, 1, 1, 'Sdfsdkmk klm last long life klm link kmk mil milk monk klm klm klm klm klm', '2018-05-31 04:43:19', '2018-05-31 04:43:19'),
(64, 1, 1, 'text FRom YeraZhas', '2018-05-31 05:03:16', '2018-05-31 05:03:16'),
(65, 1, 1, 'text FRom YeraZhas', '2018-05-31 05:03:16', '2018-05-31 05:03:16'),
(66, 1, 1, 'Jnjnjnjnjnjn', '2018-05-31 05:47:18', '2018-05-31 05:47:18'),
(67, 1, 1, 'Asdas', '2018-05-31 06:18:54', '2018-05-31 06:18:54'),
(68, 1, 1, 'Njnjnjnjnjnjnjnjnjn', '2018-05-31 06:19:28', '2018-05-31 06:19:28'),
(69, 1, 1, 'Ioejrowejroiwejroiwejroijweoirjweoijrowejiriwe', '2018-05-31 06:19:35', '2018-05-31 06:19:35'),
(70, 1, 1, 'Dasjdnaisndajksdnakjsndkansdkjanskdjnasd', '2018-05-31 06:19:40', '2018-05-31 06:19:40'),
(71, 11, 1, 'text one', '2018-05-31 06:30:22', '2018-05-31 06:30:22'),
(72, 11, 1, 'text one', '2018-05-31 06:31:27', '2018-05-31 06:31:27'),
(73, 11, 1, 'text one', '2018-05-31 06:31:28', '2018-05-31 06:31:28'),
(74, 11, 1, 'text one', '2018-05-31 06:31:36', '2018-05-31 06:31:36'),
(75, 11, 1, 'text one', '2018-05-31 06:31:37', '2018-05-31 06:31:37'),
(76, 11, 1, 'text one', '2018-05-31 06:32:03', '2018-05-31 06:32:03'),
(77, 11, 1, 'text one', '2018-05-31 06:32:13', '2018-05-31 06:32:13'),
(78, 11, 1, 'text one', '2018-05-31 06:32:17', '2018-05-31 06:32:17'),
(79, 11, 1, 'text one', '2018-05-31 06:38:11', '2018-05-31 06:38:11'),
(80, 11, 1, 'text one', '2018-05-31 06:41:30', '2018-05-31 06:41:30'),
(81, 11, 1, 'text one', '2018-05-31 06:41:32', '2018-05-31 06:41:32'),
(82, 11, 1, 'text one', '2018-05-31 06:42:12', '2018-05-31 06:42:12'),
(83, 11, 1, 'Jsndjaknsd', '2018-05-31 06:46:02', '2018-05-31 06:46:02'),
(84, 11, 1, 'Ajsdknaksjndkasjndkjasnd', '2018-05-31 06:46:08', '2018-05-31 06:46:08'),
(85, 11, 1, 'Iusadiuhasdiuhasiudh', '2018-05-31 06:46:15', '2018-05-31 06:46:15'),
(86, 11, 1, 'Jkasndkjasndkjnaskjdnasd', '2018-05-31 06:46:41', '2018-05-31 06:46:41'),
(87, 11, 1, 'Ijijijijijijijijijijij', '2018-05-31 06:47:04', '2018-05-31 06:47:04'),
(88, 1, 1, 'Asdasdasdasd', '2018-05-31 06:49:43', '2018-05-31 06:49:43'),
(89, 1, 1, 'New message', '2018-05-31 06:50:55', '2018-05-31 06:50:55'),
(90, 1, 1, 'Asdasdasd', '2018-05-31 06:52:44', '2018-05-31 06:52:44'),
(91, 1, 1, 'New message', '2018-05-31 06:52:50', '2018-05-31 06:52:50'),
(92, 11, 1, 'Message from me', '2018-05-31 06:54:51', '2018-05-31 06:54:51'),
(93, 1, 1, 'Hi from other side', '2018-05-31 06:55:01', '2018-05-31 06:55:01'),
(94, 11, 1, 'Kkamsdkasmdkasdm', '2018-05-31 06:56:29', '2018-05-31 06:56:29'),
(95, 1, 1, 'Ajskndakjsndkajnsdkj', '2018-05-31 06:56:33', '2018-05-31 06:56:33'),
(96, 1, 1, 'Is it is it is it', '2018-05-31 06:56:44', '2018-05-31 06:56:44'),
(97, 1, 1, 'My name is Name Name Name', '2018-05-31 06:56:55', '2018-05-31 06:56:55'),
(98, 1, 1, 'Ksdfnsdkfjnsdkjfn', '2018-05-31 06:57:08', '2018-05-31 06:57:08'),
(99, 11, 1, 'Here we go', '2018-05-31 06:57:08', '2018-05-31 06:57:08'),
(100, 1, 1, 'Qwewreewqrweqrqwe', '2018-05-31 06:57:53', '2018-05-31 06:57:53'),
(101, 11, 1, 'Jijijijijijijijijijijijijijijijijijijijijijijijijijijijijijijijijij', '2018-05-31 06:57:53', '2018-05-31 06:57:53'),
(102, 11, 1, 'Sdfsdf', '2018-05-31 06:58:00', '2018-05-31 06:58:00'),
(103, 11, 1, 'Werwer', '2018-05-31 06:58:04', '2018-05-31 06:58:04'),
(104, 1, 1, 'Qweqweqw', '2018-05-31 06:58:09', '2018-05-31 06:58:09'),
(105, 1, 1, 'Qweqwe', '2018-05-31 06:58:12', '2018-05-31 06:58:12'),
(106, 1, 1, 'Njnjn', '2018-05-31 07:01:46', '2018-05-31 07:01:46'),
(107, 11, 1, 'Ninja', '2018-05-31 07:01:59', '2018-05-31 07:01:59'),
(108, 11, 1, 'How r u?', '2018-05-31 07:02:08', '2018-05-31 07:02:08'),
(109, 1, 1, 'Fine', '2018-05-31 07:02:12', '2018-05-31 07:02:12'),
(110, 1, 1, 'U?', '2018-05-31 07:02:20', '2018-05-31 07:02:20'),
(111, 11, 1, 'Fine, thanks', '2018-05-31 07:02:25', '2018-05-31 07:02:25'),
(112, 1, 1, 'Okay', '2018-05-31 07:02:30', '2018-05-31 07:02:30'),
(113, 11, 1, 'Tdd in swift Advanced functional Kitura server side swift Patterns App architecture etc', '2018-05-31 07:02:57', '2018-05-31 07:02:57'),
(114, 1, 1, 'priceView', '2018-05-31 07:03:02', '2018-05-31 07:03:02'),
(115, 1, 1, 'priceView priceView', '2018-05-31 07:03:11', '2018-05-31 07:03:11'),
(116, 11, 1, 'Сатпаева)","to":"до","to_name":""},"subtype":"pedestrian"}},{"id":"70","incoming_line":{"color":"#cfcfcf","type":"dash"},"type":"walkway","waypoint":{"comment":"Вы на месте!","name":"","navigation":{"from_name":""},"subtype":"finish"}}],"pedestrian":false,"route_id":"m2.d1/ctxrouting/1527592268.995","total_duration":2217,"total_walkway_distance":"пешком 13 мин","transfer_comment":"без пересадок","transfer_count":0,"type":"ctxrouting","ui_pedestrian_info":"пешком 13 мин","ui_total_duration":"36 мин","waypoints":[{"combined":false,"routes":["112"],"substrate":true,"subtype":"bus"}]}]', '2018-05-31 07:03:42', '2018-05-31 07:03:42'),
(117, 1, 1, 'priceView', '2018-05-31 07:03:51', '2018-05-31 07:03:51'),
(118, 1, 1, 'Njsndjfnsjdnf', '2018-05-31 07:15:54', '2018-05-31 07:15:54'),
(119, 11, 1, 'Сатпаева)","to":"до","to_name":""},"subtype":"pedestrian"}},{"id":"70","incoming_line":{"color":"#cfcfcf","type":"dash"},"type":"walkway","waypoint":{"comment":"Вы на месте!","name":"","navigation":{"from_name":""},"subtype":"finish"}}],"pedestrian":false,"route_id":"m2.d1/ctxrouting/1527592268.995","total_duration":2217,"total_walkway_distance":"пешком 13 мин","transfer_comment":"без пересадок","transfer_count":0,"type":"ctxrouting","ui_pedestrian_info":"пешком 13 мин","ui_total_duration":"36 мин","waypoints":[{"combined":false,"routes":["112"],"substrate":true,"subtype":"bus"}]}]', '2018-05-31 07:15:59', '2018-05-31 07:15:59'),
(120, 11, 1, 'jnjnkjnkjn', '2018-05-31 07:28:22', '2018-05-31 07:28:22'),
(121, 11, 1, 'Jnkjnkjnkjnkjn', '2018-05-31 07:28:27', '2018-05-31 07:28:27'),
(122, 11, 1, 'Hjbjhbjhbjhbjhb', '2018-05-31 07:28:44', '2018-05-31 07:28:44'),
(123, 11, 1, 'Werhjbwejhrbjwheb rwejhbrjwehbrjhwberjhbwejhbrjwehbrjhbwejrhbwejhbrjwehbrjhbwejhr', '2018-05-31 07:31:05', '2018-05-31 07:31:05'),
(124, 11, 1, 'Here we go', '2018-05-31 07:46:37', '2018-05-31 07:46:37'),
(125, 11, 1, '[{"crossing_count":0,"id":"1","movements":[{"alternatives":[{"geometry":[{"selection":"LINESTRING(76.921462 43.239860, 76.921833 43.239862, 76.921822 43.239940, 76.921795 43.240144, 76.921748 43.240513, 76.921738 43.240537, 76.921716 43.240562, 76.921651 43.240637, 76.923605 43.240774, 76.923881 43.240794, 76.924115 43.240810, 76.926771 43.240995, 76.927177 43.241025, 76.927272 43.241031, 76.927408 43.241040, 76.927507 43.241047, 76.928608 43.241121, 76.929124 43.241156, 76.929893 43.241207, 76.930712 43.241263, 76.930825 43.241418, 76.932698 43.241544, 76.934215 43.241646, 76.934175 43.242012, 76.933999 43.242000)","z_first":0,"z_last":0}]}],"distance":1203,"id":"2","movement_duration":866,"outcoming_line":{"color":"#cfcfcf","type":"dash"},"total_duration":866,"type":"walkway","ui_duration":"14 мин","waiting_duration":0,"waypoint":{"comment":"пешком 1,3 км","name":"","navigation":{"from":"от","from_name":"","to":"до","to_name":""},"subtype":"start"}},{"id":"3","incoming_line":{"color":"#cfcfcf","type":"dash"},"type":"walkway","waypoint":{"comment":"Вы на месте в 01:24.","name":"","navigation":{"from_name":""},"subtype":"finish"}}],"pedestrian":true,"route_id":"m2.m1/ctxrouting/1527621004.295","total_duration":866,"total_walkway_distance":"пешком 1,3 км","transfer_comment":"пешком","transfer_count":0,"type":"ctxrouting","ui_pedestrian_info":"пешком 1,3 км","ui_total_duration":"14 мин"},{"crossing_count":0,"direct_routes":[{"names":["34"],"subtype":"bus"}],"id":"4","movements":[{"alternatives":[{"geometry":[{"selection":"LINESTRING(76.921462 43.239860, 76.921833 43.239862, 76.921822 43.239940, 76.921795 43.240144, 76.921748 43.240513, 76.921738 43.240537, 76.921716 43.240562, 76.921651 43.240637, 76.922816 43.240719, 76.922823 43.240687)","z_first":0,"z_last":0}]}],"distance":211,"id":"5","movement_duration":151,"outcoming_line":{"color":"#cfcfcf","type":"dash"},"total_duration":151,"type":"walkway","ui_duration":"2 мин","waiting_duration":0,"waypoint":{"comment":"пешком 220 м","name":"","navigation":{"from":"от","from_name":"","to":"до остановки","to_name":"Центральный стадион (проспект Абая)"},"subtype":"start"}},{"alternatives":[{"geometry":[{"selection":"LINESTRING(76.922823 43.240687, 76.926827 43.240967, 76.926827 43.240967, 76.927252 43.240997, 76.927252 43.240997, 76.927436 43.241023, 76.927436 43.241023, 76.929315 43.241150, 76.929315 43.241150, 76.930788 43.241249, 76.930788 43.241249, 76.930910 43.241257, 76.930910 43.241257, 76.931821 43.241319, 76.931821 43.241319, 76.934209 43.241479, 76.934209 43.241479, 76.934356 43.241489, 76.934356 43.241489, 76.934336 43.241672, 76.934336 43.241672, 76.934243 43.242519)"}],"platforms":[{"geometry":"POINT(76.934243 43.242519)","id":8,"uid":9430094619607149},{"geometry":"POINT(76.929315 43.241150)","id":9,"uid":9430094619607151},{"geometry":"POINT(76.922823 43.240687)","id":10,"uid":9430094619607528}],"platforms_groups":[{"id":"7","platforms":[{"geometry":"POINT(76.922823 43.240687)","id":11,"uid":9430094619607528},{"geometry":"POINT(76.929315 43.241150)","id":12,"uid":9430094619607151},{"geometry":"POINT(76.934243 43.242519)","id":13,"uid":9430094619607149}]}],"routes":[{"names":["34"],"subtype":"bus"}]}],"id":"6","incoming_line":{"color":"#cfcfcf","type":"dash"},"movement_duration":754,"outcoming_line":{"color":"#496bc3","type":"solid"},"platforms":{"names":["проспект Абая (ул. Байтурсынова)"],"ui_count":"2 остановки"},"routes":[{"names":["34"],"subtype":"bus","subtype_name":"автобус"}],"routes_groups":[{"geometry_id":"7","platforms":{"names":["проспект Абая (ул. Байтурсынова)"],"penultimate_stop":"проспект Абая (ул. Байтурсынова)","ui_count":"2 остановки","ui_penultimate_stop":"выходите после «проспект Абая (ул. Байтурсынова)»"},"routes":[{"names":["34"],"subtype":"bus","subtype_name":"автобус"}]}],"total_duration":754,"type":"passage","ui_duration":"12 мин","waiting_duration":600,"waypoint":{"color":"#496bc3","combined":false,"name":"Центральный стадион (проспект Абая)","navigation":{"from":"от остановки","from_name":"Центральный стадион (проспект Абая)","to":"до остановки","to_name":"проспект Сейфуллина (проспект Абая)"},"subtype":"bus"}},{"alternatives":[{"geometry":[{"selection":"LINESTRING(76.934243 43.242519, 76.934217 43.242516, 76.934257 43.242158, 76.934312 43.241652, 76.934215 43.241646, 76.934175 43.242012, 76.933999 43.242000)","z_first":0,"z_last":0}]}],"distance":153,"id":"14","incoming_line":{"color":"#496bc3","type":"solid"},"movement_duration":140,"outcoming_line":{"color":"#cfcfcf","type":"dash"},"total_duration":140,"type":"walkway","ui_duration":"2 мин","waiting_duration":0,"waypoint":{"color":"#496bc3","comment":"пешком 160 м","name":"проспект Сейфуллина (проспект Абая)","navigation":{"from":"от остановки","from_name":"проспект Сейфуллина (проспект Абая)","to":"до","to_name":""},"subtype":"pedestrian"}},{"id":"15","incoming_line":{"color":"#cfcfcf","type":"dash"},"type":"walkway","waypoint":{"comment":"Вы на месте!","name":"","navigation":{"from_name":""},"subtype":"finish"}}],"pedestrian":false,"route_id":"m2.m1/ctxrouting/1527621004.296","total_duration":1045,"total_walkway_distance":"пешком 4 мин","transfer_comment":"без пересадок","transfer_count":0,"type":"ctxrouting","ui_pedestrian_info":"пешком 4 мин","ui_total_duration":"17 мин","waypoints":[{"combined":false,"routes":["34"],"substrate":true,"subtype":"bus"}]},{"crossing_count":0,"direct_routes":[{"names":["25","57","62","65","66","92","98","118","120","128"],"subtype":"bus"},{"names":["5","19","25"],"subtype":"trolleybus"}],"id":"16","movements":[{"alternatives":[{"geometry":[{"selection":"LINESTRING(76.921462 43.239860, 76.921833 43.239862, 76.921822 43.239940, 76.921795 43.240144, 76.921748 43.240513, 76.921738 43.240537, 76.921716 43.240562, 76.921651 43.240637, 76.922816 43.240719, 76.922823 43.240687)","z_first":0,"z_last":0}]}],"distance":211,"id":"17","movement_duration":151,"outcoming_line":{"color":"#cfcfcf","type":"dash"},"total_duration":151,"type":"walkway","ui_duration":"2 мин","waiting_duration":0,"waypoint":{"comment":"пешком 220 м","name":"","navigation":{"from":"от","from_name":"","to":"до остановки","to_name":"Центральный стадион (проспект Абая)"},"subtype":"start"}},{"alternatives":[{"geometry":[{"selection":"LINESTRING(76.922823 43.240687, 76.926827 43.240967, 76.926827 43.240967, 76.927252 43.240997, 76.927252 43.240997, 76.927436 43.241023, 76.927436 43.241023, 76.929315 43.241150, 76.929315 43.241150, 76.930788 43.241249, 76.930788 43.241249, 76.930910 43.241257, 76.930910 43.241257, 76.931821 43.241319)"}],"platforms":[{"geometry":"POINT(76.929315 43.241150)","id":20,"uid":9430094619607151},{"geometry":"POINT(76.922823 43.240687)","id":21,"uid":9430094619607528},{"geometry":"POINT(76.931821 43.241319)","id":22,"uid":9430094619608976}],"platforms_groups":[{"id":"19","platforms":[{"geometry":"POINT(76.922823 43.240687)","id":23,"uid":9430094619607528},{"geometry":"POINT(76.929315 43.241150)","id":24,"uid":9430094619607151},{"geometry":"POINT(76.931821 43.241319)","id":25,"uid":9430094619608976}]}],"routes":[{"names":["25","57","62","65","66","92","98","118","120","128"],"subtype":"bus"},{"names":["5","19","25"],"subtype":"trolleybus"}]}],"id":"18","incoming_line":{"color":"#cfcfcf","type":"dash"},"movement_duration":725,"outcoming_line":{"color":"#496bc3","type":"solid"},"platforms":{"names":["проспект Абая (ул. Байтурсынова)"],"ui_count":"2 остановки"},"routes":[{"names":["25","57","62","65","66","92","98","118","120","128"],"subtype":"bus","subtype_name":"автобус"},{"names":["5","19","25"],"subtype":"trolleybus","subtype_name":"троллейбус"}],"routes_groups":[{"geometry_id":"19","platforms":{"names":["проспект Абая (ул. Байтурсынова)"],"penultimate_stop":"проспект Абая (ул. Байтурсынова)","ui_count":"2 остановки","ui_penultimate_stop":"выходите после «проспект Абая (ул. Байтурсынова)»"},"routes":[{"names":["25","57","62","65","66","92","98","118","120","128"],"subtype":"bus","subtype_name":"автобус"},{"names":["5","19","25"],"subtype":"trolleybus","subtype_name":"троллейбус"}]}],"total_duration":725,"type":"passage","ui_duration":"12 мин","waiting_duration":600,"waypoint":{"color":"#496bc3","combined":true,"name":"Центральный стадион (проспект Абая)","navigation":{"from":"от остановки","from_name":"Центральный стадион (проспект Абая)","to":"до остановки","to_name":"Масанчи (проспект Абая)"},"subtype":"bus"}},{"alternatives":[{"geometry":[{"selection":"LINESTRING(76.931821 43.241319, 76.931820 43.241337, 76.933060 43.241420, 76.934231 43.241500, 76.934215 43.241646, 76.934175 43.242012, 76.933999 43.242000)","z_first":0,"z_last":0}]}],"distance":262,"id":"26","incoming_line":{"color":"#496bc3","type":"solid"},"movement_duration":218,"outcoming_line":{"color":"#cfcfcf","type":"dash"},"total_duration":218,"type":"walkway","ui_duration":"3 мин","waiting_duration":0,"waypoint":{"color":"#496bc3","comment":"пешком 270 м","name":"Масанчи (проспект Абая)","navigation":{"from":"от остановки","from_name":"Масанчи (проспект Абая)","to":"до","to_name":""},"subtype":"pedestrian"}},{"id":"27","incoming_line":{"color":"#cfcfcf","type":"dash"},"type":"walkway","waypoint":{"comment":"Вы на месте!","name":"","navigation":{"from_name":""},"subtype":"finish"}}],"pedestrian":false,"route_id":"m2.m1/ctxrouting/1527621004.297","total_duration":1094,"total_walkway_distance":"пешком 5 мин","transfer_comment":"без пересадок","transfer_count":0,"type":"ctxrouting","ui_pedestrian_info":"пешком 5 мин","ui_total_duration":"18 мин","waypoints":[{"combined":true,"routes":["5","19","25","57","62","65","66","92","98","118","120","128"],"substrate":true,"subtype":"bus"}]}]', '2018-05-31 07:57:40', '2018-05-31 07:57:40'),
(126, 1, 1, 'Sadness', '2018-05-31 09:57:30', '2018-05-31 09:57:30'),
(127, 11, 1, 'Madness', '2018-05-31 09:57:36', '2018-05-31 09:57:36'),
(128, 1, 1, 'Mask of madness', '2018-05-31 09:57:47', '2018-05-31 09:57:47'),
(129, 11, 1, 'Dota', '2018-05-31 09:57:51', '2018-05-31 09:57:51'),
(130, 1, 1, 'MMR solo', '2018-05-31 09:58:03', '2018-05-31 09:58:03'),
(131, 11, 1, 'Solo q', '2018-05-31 09:58:08', '2018-05-31 09:58:08'),
(132, 11, 1, 'Assalamualeikum, Ramadan Mubarak!', '2018-05-31 09:58:46', '2018-05-31 09:58:46'),
(133, 11, 1, 'qwerty159', '2018-05-31 09:59:19', '2018-05-31 09:59:19'),
(134, 11, 1, 'Qwerty159', '2018-05-31 09:59:31', '2018-05-31 09:59:31'),
(135, 1, 1, 'Kmlkmsdlk', '2018-05-31 09:59:39', '2018-05-31 09:59:39'),
(136, 1, 1, 'asdasd', '2018-05-31 10:00:35', '2018-05-31 10:00:35'),
(137, 11, 1, 'Asdasdas', '2018-05-31 10:00:38', '2018-05-31 10:00:38'),
(138, 1, 1, 'Asdasdasd', '2018-05-31 10:04:30', '2018-05-31 10:04:30'),
(139, 11, 1, 'Sjandkajsnd', '2018-05-31 10:04:31', '2018-05-31 10:04:31'),
(140, 1, 1, 'Asdasdasd', '2018-05-31 10:04:39', '2018-05-31 10:04:39'),
(141, 11, 1, 'AsdasdasdaAsdasdasdasdasdasd', '2018-05-31 10:04:40', '2018-05-31 10:04:40'),
(142, 11, 1, 'Калай жагдай брат? Аман есен ба? Заказ кашан дайын болайын деп жатыр шамамен?😂😂😂😂😂', '2018-05-31 11:30:39', '2018-05-31 11:30:39'),
(143, 11, 1, '❤️😱❤️🤑😭❤️🤣😆🤣🐻😂🤑❤️😻🤣👋🤑❤️😂', '2018-05-31 11:30:50', '2018-05-31 11:30:50'),
(144, 11, 1, '🤑😭🍞🍞😘😆😀💞❤️😄❤️😉😆😀🤔😻😱😊😍😄😃🤔🤑🤔😄😄😄😍👍😄😄😱😃😃😻😍😀👋😀🐻🍞🍞👋🍞👋🍞🍞😘', '2018-05-31 11:31:01', '2018-05-31 11:31:01'),
(145, 11, 1, 'Хелоу даркнес май оод френд....', '2018-05-31 11:31:26', '2018-05-31 11:31:26'),
(146, 11, 1, '617274902815171', '2018-05-31 11:31:34', '2018-05-31 11:31:34'),
(147, 11, 1, '6262)2)2??:!;&:', '2018-05-31 11:31:38', '2018-05-31 11:31:38'),
(148, 11, 1, ':!:&', '2018-05-31 11:31:40', '2018-05-31 11:31:40'),
(149, 11, 1, ':', '2018-05-31 11:31:40', '2018-05-31 11:31:40'),
(150, 11, 1, ':', '2018-05-31 11:31:41', '2018-05-31 11:31:41'),
(151, 11, 1, ';', '2018-05-31 11:31:41', '2018-05-31 11:31:41'),
(152, 11, 1, '4', '2018-05-31 11:31:41', '2018-05-31 11:31:41'),
(153, 11, 1, 'Влвдлв', '2018-05-31 11:32:46', '2018-05-31 11:32:46'),
(154, 11, 1, 'Овлашклцтцл', '2018-05-31 11:32:50', '2018-05-31 11:32:50'),
(155, 11, 1, 'Овлыдцщцзцззцг', '2018-05-31 11:32:56', '2018-05-31 11:32:56'),
(156, 11, 1, '😱😱😱😱😱😱😱😱😱😱😱😱', '2018-05-31 11:33:04', '2018-05-31 11:33:04'),
(157, 11, 1, '👍👍👍🤩🤩🤩🤩🤩🤩🤧🤧🤩🤩🤩🤩', '2018-05-31 11:33:14', '2018-05-31 11:33:14'),
(158, 11, 1, '😁😁😁😁😁😁😁😁😁😁😁😁', '2018-05-31 11:33:30', '2018-05-31 11:33:30'),
(159, 11, 1, '😭😭😭❤️😭❤️❤️❤️❤️💪😄😄🤧❤️🤧😘😘😘😘😘💪😘💪', '2018-05-31 11:33:39', '2018-05-31 11:33:39'),
(160, 11, 1, '😭💪💪😁😊😭😊😭😊😂😊💪😂😊🍞👍😎😎😘😘', '2018-05-31 11:33:48', '2018-05-31 11:33:48'),
(161, 11, 1, 'Оыоылыдыдцдщущцоуок', '2018-05-31 11:33:56', '2018-05-31 11:33:56'),
(162, 11, 1, 'Тяоылылцшцшцлтцтцоцлущу', '2018-05-31 11:34:01', '2018-05-31 11:34:01'),
(163, 11, 1, 'Волвдвлвьцоцшцшщцдуждк', '2018-05-31 11:34:05', '2018-05-31 11:34:05'),
(164, 1, 1, '😎😎😎😎😎😎😎😎😎', '2018-05-31 11:34:32', '2018-05-31 11:34:32'),
(165, 1, 1, '😄😄😄😄😄😄😄😄😄😄😄😄😄😄😄😄😄😄😄😄😄😄😄😄😄😄😄😄', '2018-05-31 11:34:44', '2018-05-31 11:34:44'),
(166, 1, 1, 'dakjsdnkjasndkjansdkjnaskjdn👀👀👀👀👀👀😎a😎sd😎as😴d😴as😀d😀😀😀😀😀😀', '2018-05-31 11:34:58', '2018-05-31 11:34:58'),
(167, 11, 1, '😊😊😊😊😊😊😊😎😎😎😎😎😎😎🐻🐻🐻🐻🐻🐻', '2018-05-31 11:35:32', '2018-05-31 11:35:32'),
(168, 11, 1, 'Хай хайAnd цент Сэнд месяч', '2018-05-31 11:38:31', '2018-05-31 11:38:31'),
(169, 11, 1, '🐦🐧🙉🙉🙊🐤🦅🦆🙈🐗🦉🐴🐛🐌🐚🦋🐌🦅🦅🐗🐗🦄🦄🐚🕸🦎🐍🐢🦎🦖🦕🦉🐤🙉🙈🦅🐴', '2018-05-31 11:39:08', '2018-05-31 11:39:08'),
(170, 11, 1, 'Я не могу понять почему ты такая красивая и умная женщина никогда не забуду никогда твоих фраз в России и в итоге все равно что ты не можешь понять как это мило с твоей голове', '2018-05-31 12:04:07', '2018-05-31 12:04:07'),
(171, 11, 1, 'Фыв?', '2018-05-31 12:47:31', '2018-05-31 12:47:31'),
(172, 11, 1, 'Аареквамре', '2018-05-31 12:57:27', '2018-05-31 12:57:27'),
(173, 11, 1, 'Кккуу', '2018-05-31 12:57:31', '2018-05-31 12:57:31'),
(174, 11, 1, '🦋🦋🦋🦋🦋🦋🦋🦋🦋🦋🦋🦋🐛🐛🐛🐛🐛🐛🐛🐛🐛🐙🐙🐙🐙🐙🐙🐙🐙🐥🐥🐥🐥🐥🐥🐥🐥🐠🐠🐠🐠🐠🐠🐠🐠🐤🐤🐤🐤🐤🐤🐤🐤', '2018-05-31 13:53:49', '2018-05-31 13:53:49'),
(175, 11, 1, '🦊🦊🦊🦊🦊🦊🦊🦊🦊🦁🦁🦁🦁🦁🦁🦁🦁🦁🐥🐥🐥🐥🐥🐥🐥🐥🐥🐛🐛🐛🐛🐛🐛🐛🐛🐛🦋🦋🦋🦋🦋🦋🦋🦋🦋🐝🐝🐝🐝🐝🐝🐝🐝🐝', '2018-05-31 13:59:10', '2018-05-31 13:59:10'),
(176, 1, 1, 'Mmmmmmm', '2018-05-31 16:37:02', '2018-05-31 16:37:02'),
(177, 11, 1, 'Hehe', '2018-05-31 16:37:15', '2018-05-31 16:37:15'),
(178, 1, 1, 'Me instep jatyrsyn brat?', '2018-05-31 16:37:23', '2018-05-31 16:37:23'),
(179, 11, 1, 'Jaiii sol uide', '2018-05-31 16:37:29', '2018-05-31 16:37:29'),
(180, 11, 1, 'Ozin we?', '2018-05-31 16:37:36', '2018-05-31 16:37:36'),
(181, 11, 1, 'Demalysta velukpen wyguga jelanie bar ma?', '2018-05-31 16:37:47', '2018-05-31 16:37:47'),
(182, 1, 1, 'Jok poka Melanie jok brat)', '2018-05-31 16:38:01', '2018-05-31 16:38:01'),
(183, 11, 1, 'Aaaa', '2018-05-31 16:38:07', '2018-05-31 16:38:07'),
(184, 1, 1, '))))', '2018-05-31 16:38:11', '2018-05-31 16:38:11'),
(185, 11, 1, 'Baska ne janalyk 🦊🦊🦊🦊🦊????', '2018-05-31 16:38:30', '2018-05-31 16:38:30'),
(186, 1, 1, 'Never tulki Hibernian?))', '2018-05-31 16:38:40', '2018-05-31 16:38:40'),
(187, 11, 1, 'Jaiii sol', '2018-05-31 16:38:49', '2018-05-31 16:38:49'),
(188, 11, 1, 'Sol davay brat onda', '2018-05-31 16:38:58', '2018-05-31 16:38:58'),
(189, 11, 1, 'Habarlasyp turaik', '2018-05-31 16:39:03', '2018-05-31 16:39:03'),
(190, 1, 1, 'It’s brat, habardamyz goi buirtsa, kezdesseik', '2018-05-31 16:39:18', '2018-05-31 16:39:18'),
(191, 11, 1, 'Deg', '2018-05-31 16:40:33', '2018-05-31 16:40:33'),
(192, 11, 1, 'Hdhdjdjdjf', '2018-05-31 17:03:40', '2018-05-31 17:03:40'),
(193, 11, 1, 'Pooopppoooppuuioppiiopp', '2018-05-31 17:04:45', '2018-05-31 17:04:45'),
(194, 11, 1, 'Uiiooppp', '2018-05-31 17:05:01', '2018-05-31 17:05:01'),
(195, 11, 1, 'Liljk', '2018-05-31 17:05:03', '2018-05-31 17:05:03'),
(196, 11, 1, 'Aaa is a', '2018-05-31 17:05:07', '2018-05-31 17:05:07'),
(197, 11, 1, 'Dididir', '2018-05-31 18:17:01', '2018-05-31 18:17:01'),
(198, 11, 1, 'Tyyuuuuu', '2018-05-31 18:17:05', '2018-05-31 18:17:05'),
(199, 11, 1, '🐤🐤🙉🦅🦅🐤🐦🦊🦊🦊🦊Hhjj', '2018-05-31 18:17:26', '2018-05-31 18:17:26'),
(200, 1, 1, 'kmkmkmkmkkmkmkmkm', '2018-06-01 04:04:22', '2018-06-01 04:04:22'),
(201, 1, 1, 'The art of not giving a f**k!', '2018-06-01 04:04:49', '2018-06-01 04:04:49'),
(202, 1, 1, 'Anskdkjdnaskjndkjasndkjnaskjndkajsndkjnaskjdnaksjndkajsndkjnaskdnjajsndksna', '2018-06-01 04:05:01', '2018-06-01 04:05:01'),
(203, 1, 1, 'Njnjnjnj', '2018-06-01 04:38:41', '2018-06-01 04:38:41'),
(204, 12, 2, 'jnkjnkjn', '2018-06-01 06:02:19', '2018-06-01 06:02:19'),
(205, 12, 2, 'Kjnkjnkjnkjnkjnkjnkjnkj', '2018-06-01 06:02:29', '2018-06-01 06:02:29'),
(206, 12, 2, 'Choir chori', '2018-06-01 06:03:39', '2018-06-01 06:03:39'),
(207, 12, 2, 'I just wanna feel the real love', '2018-06-01 06:04:04', '2018-06-01 06:04:04'),
(208, 12, 2, 'qweqweqweqweqweqwe', '2018-06-01 06:15:06', '2018-06-01 06:15:06'),
(209, 12, 2, 'Ewqjwekqnwkjenqkwe qwke qwkejqkwnjekqnwek qwke qkwjnekqjwne qwk ekqw eknqwkejnqwk e Kodak’s d asked Kaia Doha SJSU Ali’s kiss dkjnkwqjnek qwke', '2018-06-01 06:15:20', '2018-06-01 06:15:20'),
(210, 12, 2, 'IjojoijijIejrweiorjwe', '2018-06-01 06:15:47', '2018-06-01 06:15:47'),
(211, 12, 2, 'Sdfsd', '2018-06-01 06:15:49', '2018-06-01 06:15:49'),
(212, 12, 2, '23123', '2018-06-01 06:15:51', '2018-06-01 06:15:51'),
(213, 12, 2, '213123', '2018-06-01 06:15:53', '2018-06-01 06:15:53'),
(214, 12, 2, '123123', '2018-06-01 06:15:54', '2018-06-01 06:15:54'),
(215, 12, 2, '123123', '2018-06-01 06:15:55', '2018-06-01 06:15:55'),
(216, 12, 2, '123123', '2018-06-01 06:15:57', '2018-06-01 06:15:57'),
(217, 12, 2, '123123', '2018-06-01 06:15:58', '2018-06-01 06:15:58'),
(218, 12, 2, '123123', '2018-06-01 06:15:59', '2018-06-01 06:15:59'),
(219, 12, 2, '123123123', '2018-06-01 06:16:01', '2018-06-01 06:16:01'),
(220, 12, 2, '123123123', '2018-06-01 06:16:03', '2018-06-01 06:16:03'),
(221, 14, 3, 'sdsdasdas', '2018-06-01 08:34:32', '2018-06-01 08:34:32'),
(222, 14, 3, 'sdsvvvv', '2018-06-01 08:36:33', '2018-06-01 08:36:33'),
(223, 12, 2, 'njnknkjn', '2018-06-01 09:05:24', '2018-06-01 09:05:24'),
(224, 12, 2, 'Mkmkmkmkmkmkmkm', '2018-06-01 09:05:37', '2018-06-01 09:05:37'),
(225, 11, 1, 'Оуллвлы', '2018-06-01 09:15:58', '2018-06-01 09:15:58'),
(226, 11, 1, 'Уолулулв', '2018-06-01 09:16:00', '2018-06-01 09:16:00'),
(227, 11, 1, 'text one', '2018-06-01 09:17:20', '2018-06-01 09:17:20'),
(228, 11, 1, 'text one', '2018-06-01 09:17:25', '2018-06-01 09:17:25'),
(229, 13, 3, 'Hhhh', '2018-06-01 10:13:30', '2018-06-01 10:13:30'),
(230, 13, 3, 'Hshshhd', '2018-06-01 10:15:43', '2018-06-01 10:15:43'),
(231, 13, 3, 'Dbbdnd', '2018-06-01 10:23:00', '2018-06-01 10:23:00'),
(232, 13, 3, 'Dbbdnd', '2018-06-01 10:23:05', '2018-06-01 10:23:05'),
(233, 13, 3, 'Bbbb', '2018-06-01 10:26:03', '2018-06-01 10:26:03'),
(234, 13, 3, 'Jkbko', '2018-06-01 10:26:06', '2018-06-01 10:26:06'),
(235, 13, 3, 'Kbi', '2018-06-01 10:26:21', '2018-06-01 10:26:21'),
(236, 13, 3, 'Vjbiib', '2018-06-01 10:26:31', '2018-06-01 10:26:31'),
(237, 13, 3, 'Fff', '2018-06-01 10:36:33', '2018-06-01 10:36:33'),
(238, 13, 3, 'No jj', '2018-06-01 10:41:49', '2018-06-01 10:41:49'),
(239, 13, 3, 'Jxjjx', '2018-06-01 10:41:54', '2018-06-01 10:41:54'),
(240, 13, 3, 'Udjdhhd', '2018-06-01 10:41:59', '2018-06-01 10:41:59'),
(241, 13, 3, 'Hdhhd', '2018-06-01 10:42:02', '2018-06-01 10:42:02'),
(242, 13, 3, 'Hhhdhs', '2018-06-01 10:44:42', '2018-06-01 10:44:42'),
(243, 13, 3, 'Hhs', '2018-06-01 10:44:46', '2018-06-01 10:44:46'),
(244, 13, 3, 'Hhffdff', '2018-06-01 10:44:53', '2018-06-01 10:44:53'),
(245, 13, 3, 'Ishdg', '2018-06-01 10:45:06', '2018-06-01 10:45:06'),
(246, 13, 3, 'Test', '2018-06-01 10:52:54', '2018-06-01 10:52:54'),
(247, 13, 3, 'Gdhs', '2018-06-01 11:53:20', '2018-06-01 11:53:20'),
(248, 14, 3, 'ннрр', '2018-06-01 12:10:19', '2018-06-01 12:10:19'),
(249, 14, 3, 'оооо', '2018-06-01 12:10:22', '2018-06-01 12:10:22'),
(250, 13, 3, 'Ucuf', '2018-06-01 12:13:14', '2018-06-01 12:13:14'),
(251, 14, 3, 'аааа', '2018-06-01 12:13:38', '2018-06-01 12:13:38'),
(252, 13, 3, 'Hdhdhd', '2018-06-01 12:14:01', '2018-06-01 12:14:01'),
(253, 14, 3, 'прр', '2018-06-01 12:16:51', '2018-06-01 12:16:51'),
(254, 14, 3, 'прр', '2018-06-01 12:27:41', '2018-06-01 12:27:41'),
(255, 13, 3, 'H', '2018-06-01 12:30:15', '2018-06-01 12:30:15'),
(256, 13, 3, 'Jjj', '2018-06-01 12:31:54', '2018-06-01 12:31:54'),
(257, 14, 3, 'ңір', '2018-06-01 12:32:00', '2018-06-01 12:32:00'),
(258, 13, 3, 'Hh', '2018-06-01 12:32:26', '2018-06-01 12:32:26'),
(259, 13, 3, 'Hh', '2018-06-01 12:34:10', '2018-06-01 12:34:10'),
(260, 12, 2, 'Hsbdfhsbdfh', '2018-06-01 16:05:32', '2018-06-01 16:05:32'),
(261, 12, 2, 'Sdfsdfsdf', '2018-06-01 16:05:37', '2018-06-01 16:05:37'),
(262, 12, 2, 'Jhbsdhjfbsdjhfbsd', '2018-06-01 16:05:44', '2018-06-01 16:05:44'),
(263, 12, 2, 'Sdfjbsdjfhbsdjhfbjsdhbf', '2018-06-01 16:05:48', '2018-06-01 16:05:48'),
(264, 12, 2, 'Sadasd', '2018-06-01 16:06:27', '2018-06-01 16:06:27'),
(265, 12, 2, 'Asdasd', '2018-06-01 16:38:55', '2018-06-01 16:38:55'),
(266, 12, 2, 'sda', '2018-06-01 17:23:39', '2018-06-01 17:23:39'),
(267, 12, 2, 'Asdasd', '2018-06-01 17:23:42', '2018-06-01 17:23:42'),
(268, 12, 2, 'Asdasdasdasdasdasd', '2018-06-01 17:23:46', '2018-06-01 17:23:46'),
(269, 12, 2, 'sdasdas', '2018-06-01 17:30:40', '2018-06-01 17:30:40'),
(270, 12, 2, 'Kmlkmlkmlkmlkmlkm', '2018-06-01 17:30:47', '2018-06-01 17:30:47'),
(271, 12, 2, 'Jjjjjjjjjjjjjjjjj', '2018-06-01 17:35:12', '2018-06-01 17:35:12'),
(272, 12, 2, 'Jknkjnkjn', '2018-06-01 17:38:51', '2018-06-01 17:38:51'),
(273, 11, 1, 'Jnkjnkjnkj', '2018-06-01 17:55:33', '2018-06-01 17:55:33'),
(274, 11, 1, 'Jhbjhbjhbjhb', '2018-06-01 17:55:37', '2018-06-01 17:55:37'),
(275, 11, 1, 'Fdd', '2018-06-02 16:25:09', '2018-06-02 16:25:09'),
(276, 11, 1, 'Seetyiuko', '2018-06-02 16:25:19', '2018-06-02 16:25:19'),
(277, 14, 3, 'прр', '2018-06-03 08:08:49', '2018-06-03 08:08:49'),
(278, 14, 3, 'ррлл', '2018-06-03 09:02:34', '2018-06-03 09:02:34'),
(279, 11, 1, 'Sadajsknd', '2018-06-04 08:34:24', '2018-06-04 08:34:24'),
(280, 11, 1, 'Asdasd', '2018-06-04 08:34:26', '2018-06-04 08:34:26'),
(281, 11, 1, 'Asdqweqwe', '2018-06-04 08:34:27', '2018-06-04 08:34:27'),
(282, 11, 1, 'Asdasd', '2018-06-04 08:34:29', '2018-06-04 08:34:29'),
(283, 11, 1, 'Asdasdas12312', '2018-06-04 08:34:32', '2018-06-04 08:34:32'),
(284, 11, 1, '1', '2018-06-04 08:34:33', '2018-06-04 08:34:33'),
(285, 11, 1, '2', '2018-06-04 08:34:34', '2018-06-04 08:34:34'),
(286, 11, 1, '3', '2018-06-04 08:34:35', '2018-06-04 08:34:35'),
(287, 11, 1, '4', '2018-06-04 08:34:36', '2018-06-04 08:34:36'),
(288, 11, 1, '5', '2018-06-04 08:34:37', '2018-06-04 08:34:37'),
(289, 11, 1, '6', '2018-06-04 08:34:38', '2018-06-04 08:34:38'),
(290, 11, 1, '6', '2018-06-04 08:34:39', '2018-06-04 08:34:39'),
(291, 11, 1, '7', '2018-06-04 08:34:41', '2018-06-04 08:34:41'),
(292, 11, 1, '8', '2018-06-04 08:34:42', '2018-06-04 08:34:42'),
(293, 11, 1, '9', '2018-06-04 08:34:43', '2018-06-04 08:34:43'),
(294, 11, 1, '0', '2018-06-04 08:34:44', '2018-06-04 08:34:44'),
(295, 11, 1, '11', '2018-06-04 08:34:45', '2018-06-04 08:34:45'),
(296, 11, 1, '12', '2018-06-04 08:34:46', '2018-06-04 08:34:46'),
(297, 11, 1, '13', '2018-06-04 08:34:46', '2018-06-04 08:34:46'),
(298, 11, 1, '14', '2018-06-04 08:34:47', '2018-06-04 08:34:47'),
(299, 11, 1, '15', '2018-06-04 08:34:48', '2018-06-04 08:34:48'),
(300, 11, 1, '16', '2018-06-04 08:34:50', '2018-06-04 08:34:50'),
(301, 11, 1, '17', '2018-06-04 08:34:51', '2018-06-04 08:34:51'),
(302, 11, 1, '18', '2018-06-04 08:34:52', '2018-06-04 08:34:52'),
(303, 11, 1, '19', '2018-06-04 08:34:53', '2018-06-04 08:34:53'),
(304, 11, 1, '20', '2018-06-04 08:34:55', '2018-06-04 08:34:55'),
(305, 11, 1, '21', '2018-06-04 08:34:57', '2018-06-04 08:34:57'),
(306, 11, 1, '22', '2018-06-04 08:34:58', '2018-06-04 08:34:58'),
(307, 11, 1, '23', '2018-06-04 08:34:59', '2018-06-04 08:34:59'),
(308, 11, 1, '24', '2018-06-04 08:35:00', '2018-06-04 08:35:00'),
(309, 11, 1, '25', '2018-06-04 08:35:01', '2018-06-04 08:35:01'),
(310, 11, 1, '26', '2018-06-04 08:35:02', '2018-06-04 08:35:02'),
(311, 11, 1, '27', '2018-06-04 08:35:03', '2018-06-04 08:35:03'),
(312, 11, 1, '28', '2018-06-04 08:35:04', '2018-06-04 08:35:04'),
(313, 11, 1, '29', '2018-06-04 08:35:06', '2018-06-04 08:35:06'),
(314, 11, 1, '30', '2018-06-04 08:35:07', '2018-06-04 08:35:07'),
(315, 11, 1, 'Asjndjasnd', '2018-06-04 09:52:08', '2018-06-04 09:52:08'),
(316, 11, 1, 'Sds', '2018-06-04 09:52:25', '2018-06-04 09:52:25'),
(317, 11, 1, 'Qweqweqw', '2018-06-04 09:52:31', '2018-06-04 09:52:31'),
(318, 11, 1, 'Sdasd', '2018-06-04 09:53:12', '2018-06-04 09:53:12'),
(319, 11, 1, 'Nnnnn', '2018-06-04 11:09:08', '2018-06-04 11:09:08'),
(320, 11, 1, 'Mmmm', '2018-06-04 11:10:34', '2018-06-04 11:10:34'),
(321, 11, 1, 'Jnjnjn', '2018-06-04 11:10:34', '2018-06-04 11:10:34'),
(322, 11, 1, ',,,,,,,', '2018-06-04 11:12:03', '2018-06-04 11:12:03'),
(323, 11, 1, 'Iiiiiii', '2018-06-04 11:12:10', '2018-06-04 11:12:10'),
(324, 11, 1, 'Tyuii🦁🕶🐙🐴🐴', '2018-06-05 04:18:04', '2018-06-05 04:18:04'),
(325, 11, 1, '🐛🐦🐶🐶😊😊', '2018-06-05 04:18:12', '2018-06-05 04:18:12'),
(326, 11, 1, 'Ghh', '2018-06-05 04:22:47', '2018-06-05 04:22:47'),
(327, 1, 1, 'Kmkmkm', '2018-06-05 04:28:33', '2018-06-05 04:28:33'),
(328, 1, 1, 'Jnkjnkjnnkjnkjn', '2018-06-05 04:28:40', '2018-06-05 04:28:40'),
(329, 1, 1, 'Nkjnkjn', '2018-06-05 04:28:49', '2018-06-05 04:28:49'),
(330, 11, 1, '🐴😘😘🐶🐶🐴', '2018-06-05 04:28:49', '2018-06-05 04:28:49'),
(331, 1, 1, 'Ooooooo', '2018-06-05 04:29:06', '2018-06-05 04:29:06'),
(332, 11, 1, 'Ertyhvg', '2018-06-05 04:29:06', '2018-06-05 04:29:06'),
(333, 1, 1, 'Kjnjknkj', '2018-06-05 04:29:14', '2018-06-05 04:29:14'),
(334, 11, 1, 'Yyyyy', '2018-06-05 04:29:14', '2018-06-05 04:29:14'),
(335, 11, 1, 'Trt', '2018-06-05 04:29:18', '2018-06-05 04:29:18'),
(336, 1, 1, 'Uuuuuu', '2018-06-05 04:29:26', '2018-06-05 04:29:26'),
(337, 11, 1, 'Rrfg', '2018-06-05 04:29:26', '2018-06-05 04:29:26'),
(338, 1, 1, 'Nkjnkjnkjnkj', '2018-06-05 04:29:34', '2018-06-05 04:29:34'),
(339, 11, 1, 'Trree', '2018-06-05 04:29:36', '2018-06-05 04:29:36'),
(340, 1, 1, 'Jknkjnkjnkjn', '2018-06-05 04:29:43', '2018-06-05 04:29:43'),
(341, 11, 1, 'Yyui', '2018-06-05 04:29:43', '2018-06-05 04:29:43'),
(342, 1, 1, 'Kjnkjnkjnkj', '2018-06-05 04:29:49', '2018-06-05 04:29:49'),
(343, 11, 1, 'Eeeegg', '2018-06-05 04:29:49', '2018-06-05 04:29:49'),
(344, 1, 1, 'Kjnkjnkjn', '2018-06-05 04:29:53', '2018-06-05 04:29:53'),
(345, 11, 1, 'Trtt', '2018-06-05 04:29:53', '2018-06-05 04:29:53'),
(346, 1, 1, '👀👀👀👀👀👀👀😄😄😄😄😄😄😄😂😂😂😂😂😂😂❤️❤️❤️❤️❤️❤️❤️🎶🎶🎶🎶🎶🎶🎶😎😎😎😎😎😎', '2018-06-05 04:30:22', '2018-06-05 04:30:22'),
(347, 1, 1, '🤗🤗🤗🤗🤗🤗🤗🤔🤔🤔🤔🤔🤔🤔🤭🤭🤭🤭🤭🤭🤭', '2018-06-05 04:30:50', '2018-06-05 04:30:50'),
(348, 1, 1, '🤭🤭🤭', '2018-06-05 04:31:08', '2018-06-05 04:31:08'),
(349, 11, 1, 'Ddty', '2018-06-05 04:33:19', '2018-06-05 04:33:19'),
(350, 11, 1, 'Cffeee', '2018-06-05 05:16:15', '2018-06-05 05:16:15'),
(351, 11, 1, 'Ddft', '2018-06-05 07:09:10', '2018-06-05 07:09:10'),
(352, 1, 1, 'jnjnjn', '2018-06-07 05:54:04', '2018-06-07 05:54:04'),
(353, 11, 1, 'Huii', '2018-06-07 08:57:59', '2018-06-07 08:57:59'),
(354, 11, 1, 'Styu', '2018-06-07 08:58:01', '2018-06-07 08:58:01'),
(355, 11, 1, 'Guui', '2018-06-07 08:58:04', '2018-06-07 08:58:04'),
(356, 11, 1, 'Eett', '2018-06-07 08:58:06', '2018-06-07 08:58:06'),
(357, 11, 1, '😂😂😂😂😂', '2018-06-07 08:58:12', '2018-06-07 08:58:12'),
(358, 11, 1, 'Ffdfttgghv', '2018-06-08 11:45:18', '2018-06-08 11:45:18'),
(359, 11, 1, '😅😇😛🧐😞😎😎😂😎🤣😒😉😉🙃🤩🤓😞😉🤩😉😎🤣🤣🙁🤣', '2018-06-08 11:45:35', '2018-06-08 11:45:35'),
(360, 15, 4, 'Szxx', '2018-06-12 11:30:48', '2018-06-12 11:30:48'),
(361, 15, 4, 'Dxd', '2018-06-12 11:31:23', '2018-06-12 11:31:23'),
(362, 15, 4, 'Ffv cc', '2018-06-12 11:31:25', '2018-06-12 11:31:25'),
(363, 15, 4, 'Cc', '2018-06-12 11:31:26', '2018-06-12 11:31:26'),
(364, 15, 4, 'Cv', '2018-06-12 11:31:27', '2018-06-12 11:31:27'),
(365, 15, 4, 'Cv', '2018-06-12 11:31:27', '2018-06-12 11:31:27'),
(366, 15, 4, 'Cbb', '2018-06-12 11:31:29', '2018-06-12 11:31:29'),
(367, 15, 4, 'Gss', '2018-06-12 11:31:37', '2018-06-12 11:31:37'),
(368, 15, 4, 'Dd', '2018-06-12 11:31:38', '2018-06-12 11:31:38'),
(369, 15, 4, 'Dd', '2018-06-12 11:31:39', '2018-06-12 11:31:39'),
(370, 15, 4, 'Ff', '2018-06-12 11:31:40', '2018-06-12 11:31:40'),
(371, 15, 4, 'Hh', '2018-06-12 11:31:41', '2018-06-12 11:31:41'),
(372, 15, 4, 'Vv', '2018-06-12 11:31:42', '2018-06-12 11:31:42'),
(373, 15, 4, 'Gg', '2018-06-12 11:31:43', '2018-06-12 11:31:43'),
(374, 15, 4, 'Qqq', '2018-06-12 11:32:48', '2018-06-12 11:32:48'),
(375, 15, 4, 'Opp', '2018-06-12 11:32:51', '2018-06-12 11:32:51');

-- --------------------------------------------------------

--
-- Структура таблицы `migrations`
--

CREATE TABLE `migrations` (
  `id` int(10) UNSIGNED NOT NULL,
  `migration` varchar(255) COLLATE utf8mb4_unicode_ci NOT NULL,
  `batch` int(11) NOT NULL
) ENGINE=InnoDB DEFAULT CHARSET=utf8mb4 COLLATE=utf8mb4_unicode_ci;

--
-- Дамп данных таблицы `migrations`
--

INSERT INTO `migrations` (`id`, `migration`, `batch`) VALUES
(1, '2018_03_12_062949_create_clients_table', 1),
(2, '2018_03_12_063002_create_drivers_table', 1),
(3, '2018_03_12_063009_create_rangs_table', 1),
(4, '2018_03_12_063017_create_images_table', 1),
(5, '2018_03_12_063029_create_addresses_table', 1),
(6, '2018_03_12_063043_create_reviews_table', 1),
(7, '2018_03_12_063151_create_transports_table', 1),
(8, '2018_03_12_063235_create_service_orders_table', 1),
(9, '2018_03_12_063253_create_transport_types_table', 1),
(10, '2018_03_12_063308_create_materials_table', 1),
(11, '2018_03_12_063332_create_material_types_table', 1),
(12, '2018_03_12_063342_create_count_types_table', 1),
(13, '2018_03_12_063429_create_item_orders_table', 1),
(14, '2018_03_12_063445_create_shipping_orders_table', 1),
(15, '2018_03_12_063504_create_shipping_transports_table', 1),
(16, '2018_03_12_063519_create_weight_types_table', 1),
(17, '2018_03_12_063540_create_groups_table', 1),
(18, '2018_03_12_063552_create_messages_table', 1),
(19, '2018_03_12_063615_create_participants_table', 1);

-- --------------------------------------------------------

--
-- Структура таблицы `moderators`
--

CREATE TABLE `moderators` (
  `id` int(11) NOT NULL,
  `login` varchar(255) NOT NULL,
  `password` varchar(255) NOT NULL,
  `created_at` timestamp NULL DEFAULT NULL,
  `updated_at` timestamp NULL DEFAULT NULL
) ENGINE=InnoDB DEFAULT CHARSET=utf8;

--
-- Дамп данных таблицы `moderators`
--

INSERT INTO `moderators` (`id`, `login`, `password`, `created_at`, `updated_at`) VALUES
(1, '2', '2', '2018-05-07 18:00:00', '2018-05-16 18:00:00'),
(2, 'arman', 'qwerty', '2018-05-23 09:57:15', '2018-05-23 09:57:15'),
(4, 'asem', 'golsh', '2018-05-23 09:57:36', '2018-05-23 09:57:36');

-- --------------------------------------------------------

--
-- Структура таблицы `offers`
--

CREATE TABLE `offers` (
  `id` int(10) NOT NULL,
  `parent_id` int(10) NOT NULL,
  `parent_type` varchar(255) NOT NULL,
  `step` int(1) NOT NULL DEFAULT '1',
  `driver_id` int(10) DEFAULT NULL,
  `description` text,
  `price` varchar(255) DEFAULT NULL,
  `created_at` timestamp NULL DEFAULT NULL,
  `updated_at` timestamp NULL DEFAULT NULL
) ENGINE=InnoDB DEFAULT CHARSET=utf8;

--
-- Дамп данных таблицы `offers`
--

INSERT INTO `offers` (`id`, `parent_id`, `parent_type`, `step`, `driver_id`, `description`, `price`, `created_at`, `updated_at`) VALUES
(15, 84, 'service_orders', 1, 16, 'Naskjdnaksjndkjansd', '430', '2018-06-13 06:02:00', '2018-06-13 06:02:00'),
(17, 87, 'service_orders', 1, 17, 'Белый', '322', '2018-06-14 06:46:02', '2018-06-14 06:46:02'),
(18, 88, 'service_orders', 1, 17, 'Готов выполнить', '8888', '2018-06-14 06:49:49', '2018-06-14 06:49:49'),
(21, 90, 'service_orders', 1, 17, 'Болама', '7777', '2018-06-14 12:14:19', '2018-06-14 12:14:19'),
(22, 25, 'shipping_orders', 1, 17, 'Рапо', '8888', '2018-06-15 11:22:04', '2018-06-15 11:22:04'),
(23, 26, 'shipping_orders', 1, 17, 'Рооо', '6009', '2018-06-15 11:33:41', '2018-06-15 11:33:41'),
(24, 94, 'service_orders', 1, 17, 'Проаасп', '2222', '2018-06-15 12:09:17', '2018-06-15 12:09:17'),
(25, 93, 'service_orders', 1, 18, 'Hhdhd', '6000', '2018-06-15 12:30:00', '2018-06-15 12:30:00'),
(30, 35, 'item_orders', 2, 1, 'my des', '840', '2020-04-01 15:40:21', '2020-04-01 16:51:02'),
(31, 106, 'service_orders', 2, 15, 'des', '600', '2020-04-01 17:00:19', '2020-04-01 17:02:26'),
(33, 45, 'shipping_orders', 2, 1, 'my text', '5000', '2020-04-01 17:09:28', '2020-04-01 17:10:55'),
(35, 108, 'service_orders', 1, 15, 'des', '500', '2020-04-01 18:09:20', '2020-04-01 18:09:20'),
(36, 108, 'service_orders', 1, 1, 'des', '500', '2020-04-01 18:09:34', '2020-04-01 18:09:34'),
(38, 105, 'service_orders', 2, 26, 'asdjhdkjs', '2000', '2020-04-02 16:01:16', '2020-04-02 16:07:13'),
(39, 107, 'service_orders', 1, 26, 'asdjhdkjs', '20000', '2020-04-02 16:16:05', '2020-04-02 16:16:05'),
(40, 103, 'service_orders', 1, 26, 'asdjhdkjs', '200', '2020-04-03 07:42:51', '2020-04-03 07:42:51');

-- --------------------------------------------------------

--
-- Структура таблицы `options`
--

CREATE TABLE `options` (
  `id` int(11) NOT NULL,
  `name` varchar(255) COLLATE utf8mb4_unicode_ci DEFAULT NULL,
  `created_at` timestamp NULL DEFAULT CURRENT_TIMESTAMP,
  `updated_at` timestamp NULL DEFAULT CURRENT_TIMESTAMP
) ENGINE=InnoDB DEFAULT CHARSET=utf8mb4 COLLATE=utf8mb4_unicode_ci;

--
-- Дамп данных таблицы `options`
--

INSERT INTO `options` (`id`, `name`, `created_at`, `updated_at`) VALUES
(1, 'Тест', '2019-10-23 06:06:47', '2019-10-23 06:06:47');

-- --------------------------------------------------------

--
-- Структура таблицы `others`
--

CREATE TABLE `others` (
  `id` int(11) NOT NULL,
  `value` int(12) NOT NULL DEFAULT '1',
  `created_at` timestamp NULL DEFAULT CURRENT_TIMESTAMP,
  `updated_at` timestamp NULL DEFAULT CURRENT_TIMESTAMP
) ENGINE=InnoDB DEFAULT CHARSET=utf8;

--
-- Дамп данных таблицы `others`
--

INSERT INTO `others` (`id`, `value`, `created_at`, `updated_at`) VALUES
(1, 1, '2020-03-31 05:14:24', '2020-03-31 05:14:24');

-- --------------------------------------------------------

--
-- Структура таблицы `participants`
--

CREATE TABLE `participants` (
  `id` int(10) UNSIGNED NOT NULL,
  `driver_id` int(11) NOT NULL,
  `group_id` int(11) NOT NULL,
  `created_at` timestamp NULL DEFAULT NULL,
  `updated_at` timestamp NULL DEFAULT NULL
) ENGINE=InnoDB DEFAULT CHARSET=utf8mb4 COLLATE=utf8mb4_unicode_ci;

--
-- Дамп данных таблицы `participants`
--

INSERT INTO `participants` (`id`, `driver_id`, `group_id`, `created_at`, `updated_at`) VALUES
(1, 1, 1, '2018-05-05 00:16:13', '2018-05-05 00:16:13'),
(2, 11, 1, '2018-05-31 05:37:21', '2018-05-31 05:37:21'),
(3, 14, 3, '2018-06-01 07:38:24', '2018-06-01 07:38:24'),
(4, 15, 4, '2018-06-12 11:19:15', '2018-06-12 11:19:15');

-- --------------------------------------------------------

--
-- Структура таблицы `rangs`
--

CREATE TABLE `rangs` (
  `id` int(10) UNSIGNED NOT NULL,
  `name` varchar(255) COLLATE utf8mb4_unicode_ci NOT NULL,
  `role` varchar(255) COLLATE utf8mb4_unicode_ci DEFAULT 'driver',
  `icon` varchar(255) COLLATE utf8mb4_unicode_ci DEFAULT NULL,
  `created_at` timestamp NULL DEFAULT NULL,
  `updated_at` timestamp NULL DEFAULT NULL
) ENGINE=InnoDB DEFAULT CHARSET=utf8mb4 COLLATE=utf8mb4_unicode_ci;

--
-- Дамп данных таблицы `rangs`
--

INSERT INTO `rangs` (`id`, `name`, `role`, `icon`, `created_at`, `updated_at`) VALUES
(1, 'Стажер', 'client', 'rang/1.png', '2018-03-12 18:00:00', '2018-03-14 18:00:00'),
(2, 'Бригадир', 'client', 'rang/2.png', NULL, NULL),
(3, 'Прораб', 'client', 'rang/3.png', NULL, NULL),
(4, 'Инженер', 'client', 'rang/4.png', NULL, NULL),
(5, 'Начальник', 'client', 'rang/5.png', NULL, NULL),
(6, 'Курсант', 'driver', 'rang/1.png', NULL, NULL),
(7, 'Техник', 'driver', 'rang/2.png', NULL, NULL),
(8, 'Механик', 'driver', 'rang/3.png', NULL, NULL),
(9, 'Эксперт', 'driver', 'rang/4.png', NULL, NULL),
(10, 'Профи', 'driver', 'rang/5.png', NULL, NULL);

-- --------------------------------------------------------

--
-- Структура таблицы `regions`
--

CREATE TABLE `regions` (
  `id` int(11) NOT NULL,
  `name` varchar(255) CHARACTER SET utf8mb4 COLLATE utf8mb4_unicode_ci NOT NULL,
  `created_at` timestamp NULL DEFAULT CURRENT_TIMESTAMP,
  `updated_at` timestamp NULL DEFAULT CURRENT_TIMESTAMP
) ENGINE=InnoDB DEFAULT CHARSET=latin1;

--
-- Дамп данных таблицы `regions`
--

INSERT INTO `regions` (`id`, `name`, `created_at`, `updated_at`) VALUES
(1, 'Алматинская обл', '2019-10-21 11:22:48', '2019-10-21 11:22:48');

-- --------------------------------------------------------

--
-- Структура таблицы `reviews`
--

CREATE TABLE `reviews` (
  `id` int(10) UNSIGNED NOT NULL,
  `driver_id` int(11) NOT NULL,
  `client_id` int(11) NOT NULL,
  `speed` int(11) DEFAULT NULL,
  `punctuality` int(11) DEFAULT NULL,
  `quality` int(11) DEFAULT NULL,
  `price` int(11) DEFAULT NULL,
  `description` text COLLATE utf8mb4_unicode_ci,
  `created_at` timestamp NULL DEFAULT NULL,
  `updated_at` timestamp NULL DEFAULT NULL
) ENGINE=InnoDB DEFAULT CHARSET=utf8mb4 COLLATE=utf8mb4_unicode_ci;

--
-- Дамп данных таблицы `reviews`
--

INSERT INTO `reviews` (`id`, `driver_id`, `client_id`, `speed`, `punctuality`, `quality`, `price`, `description`, `created_at`, `updated_at`) VALUES
(1, 1, 1, 5, 5, 5, 5, NULL, '2018-03-26 10:08:31', '2018-03-26 10:08:31'),
(5, 1, 1, 5, 4, 1, 1, '2131', NULL, NULL),
(6, 7, 35, 5, 5, 5, 5, 'my textsdsdsdsd', '2018-05-11 08:02:04', '2018-05-11 08:02:04'),
(7, 7, 35, 5, 5, 5, 5, 'my textsdsdsdsd', '2018-05-11 08:02:08', '2018-05-11 08:02:08'),
(8, 1, 1, 5, 5, 5, 5, 'my text', '2018-05-11 08:03:14', '2018-05-11 08:03:14'),
(9, 1, 1, 5, 5, 5, 5, 'my text', '2018-05-11 08:03:19', '2018-05-11 08:03:19'),
(10, 1, 1, 5, 5, 5, 5, 'my text', '2018-05-11 08:05:21', '2018-05-11 08:05:21'),
(11, 1, 1, 5, 5, 5, 5, 'my text', '2018-05-11 08:05:25', '2018-05-11 08:05:25'),
(12, 1, 1, 5, 5, 5, 5, 'my text', '2018-05-11 08:05:26', '2018-05-11 08:05:26'),
(13, 1, 1, 5, 5, 5, 5, 'my text', '2018-05-11 08:05:27', '2018-05-11 08:05:27'),
(14, 1, 35, 1, 2, 3, 4, 'asdasbk sdfdskjnf sdvsdvjhsb sdfbsdfbs dcsdbfsc sdbfdskbfsskdbfksd sdkfsdkf sdfksdbf sdfbjsd  sdfbsdf sdfsbfsd fdsbfsdfn', '2018-05-11 09:17:24', '2018-05-11 09:17:24'),
(15, 6, 38, 2, 2, 2, 2, 'Random description. For you hahahhahahhahahah', '2018-05-15 06:09:46', '2018-05-15 06:09:46'),
(16, 8, 38, 4, 3, 4, 5, 'Uuuuuuuuuuuuu', '2018-05-15 17:29:39', '2018-05-15 17:29:39'),
(17, 8, 39, 4, 3, 4, 5, 'Qqerty', '2018-05-16 10:05:48', '2018-05-16 10:05:48'),
(18, 11, 38, 3, 3, 5, 5, 'Kjasnkdnaskdjnkasjndkasjndkajnsd', '2018-06-04 07:17:59', '2018-06-04 07:17:59'),
(19, 1, 1, 5, 5, 5, 5, 'my text', '2020-03-27 14:11:46', '2020-03-27 14:11:46');

-- --------------------------------------------------------

--
-- Структура таблицы `service_drivers`
--

CREATE TABLE `service_drivers` (
  `id` int(11) NOT NULL,
  `service_order_id` int(11) NOT NULL,
  `driver_id` int(11) NOT NULL,
  `created_at` timestamp NOT NULL DEFAULT CURRENT_TIMESTAMP,
  `updated_at` timestamp NOT NULL DEFAULT CURRENT_TIMESTAMP
) ENGINE=InnoDB DEFAULT CHARSET=utf8mb4 COLLATE=utf8mb4_unicode_ci;

--
-- Дамп данных таблицы `service_drivers`
--

INSERT INTO `service_drivers` (`id`, `service_order_id`, `driver_id`, `created_at`, `updated_at`) VALUES
(1, 106, 15, '2020-04-01 14:02:26', '2020-04-01 14:02:26'),
(2, 105, 26, '2020-04-02 13:07:13', '2020-04-02 13:07:13');

-- --------------------------------------------------------

--
-- Структура таблицы `service_orders`
--

CREATE TABLE `service_orders` (
  `id` int(10) UNSIGNED NOT NULL,
  `transport_id` int(11) NOT NULL,
  `transport_type_id` int(11) NOT NULL,
  `date_1` timestamp NULL DEFAULT NULL,
  `date_2` timestamp NULL DEFAULT NULL,
  `to_address_id` int(11) DEFAULT NULL,
  `price` varchar(255) COLLATE utf8mb4_unicode_ci NOT NULL,
  `description` text COLLATE utf8mb4_unicode_ci,
  `client_id` int(11) NOT NULL,
  `driver_id` int(11) DEFAULT NULL,
  `step` int(1) NOT NULL DEFAULT '1',
  `type` varchar(255) COLLATE utf8mb4_unicode_ci NOT NULL,
  `hour` varchar(70) COLLATE utf8mb4_unicode_ci DEFAULT NULL,
  `work_start` timestamp NULL DEFAULT NULL,
  `work_end` timestamp NULL DEFAULT NULL,
  `created_at` timestamp NULL DEFAULT NULL,
  `updated_at` timestamp NULL DEFAULT NULL
) ENGINE=InnoDB DEFAULT CHARSET=utf8mb4 COLLATE=utf8mb4_unicode_ci;

--
-- Дамп данных таблицы `service_orders`
--

INSERT INTO `service_orders` (`id`, `transport_id`, `transport_type_id`, `date_1`, `date_2`, `to_address_id`, `price`, `description`, `client_id`, `driver_id`, `step`, `type`, `hour`, `work_start`, `work_end`, `created_at`, `updated_at`) VALUES
(3, 1, 1, '2018-03-15 14:18:00', NULL, 9, '4545', NULL, 1, 1, 1, 'service_orders', NULL, NULL, NULL, '2018-03-15 07:06:45', '2018-04-19 11:27:32'),
(4, 1, 1, '2018-03-16 14:18:00', NULL, 11, '500', NULL, 1, 1, 3, 'service_orders', NULL, NULL, NULL, '2018-03-16 09:47:01', '2018-05-24 06:41:02'),
(6, 1, 1, '2018-03-16 14:18:00', NULL, 15, '500', NULL, 1, NULL, 1, 'service_orders', NULL, NULL, NULL, '2018-03-16 09:47:07', '2018-03-16 09:47:07'),
(7, 1, 1, '2018-04-12 14:18:00', NULL, 23, '500', NULL, 1, NULL, 1, 'service_orders', NULL, NULL, NULL, '2018-04-12 13:02:30', '2018-04-12 13:02:30'),
(8, 1, 1, '2018-04-12 14:18:00', NULL, 25, '500', NULL, 1, NULL, 1, 'service_orders', NULL, NULL, NULL, '2018-04-12 13:02:41', '2018-04-12 13:02:41'),
(9, 1, 1, '2017-03-22 07:22:13', NULL, 27, '500', NULL, 26, NULL, 1, 'service_orders', NULL, NULL, NULL, '2018-04-12 13:03:11', '2018-04-12 13:03:11'),
(10, 1, 1, '2017-03-22 07:22:13', NULL, 29, '500', NULL, 26, NULL, 1, 'service_orders', NULL, NULL, NULL, '2018-04-12 13:03:42', '2018-04-12 13:03:42'),
(11, 1, 1, '2017-03-22 07:22:13', NULL, 31, '500', NULL, 26, 6, 2, 'service_orders', NULL, NULL, NULL, '2018-04-12 13:06:19', '2018-05-24 07:08:42'),
(12, 1, 1, '2017-03-22 07:22:13', NULL, 33, '500', NULL, 26, NULL, 1, 'service_orders', NULL, NULL, NULL, '2018-04-12 13:14:35', '2018-04-12 13:14:35'),
(13, 1, 1, '2017-03-22 07:22:13', NULL, 35, '500', NULL, 26, NULL, 1, 'service_orders', NULL, NULL, NULL, '2018-04-12 13:18:04', '2018-04-12 13:18:04'),
(14, 1, 1, '2017-03-22 07:22:13', NULL, 41, '500', NULL, 26, NULL, 1, 'service_orders', NULL, NULL, NULL, '2018-04-13 16:29:22', '2018-04-13 16:29:22'),
(15, 1, 2, '2017-03-22 07:22:13', NULL, 47, '500', NULL, 26, NULL, 1, 'service_orders', NULL, NULL, NULL, '2018-04-16 05:31:43', '2018-04-16 05:31:43'),
(16, 1, 1, '2018-04-18 10:03:00', NULL, 51, '500', NULL, 26, NULL, 1, 'service_orders', NULL, NULL, NULL, '2018-04-16 08:04:06', '2018-04-16 08:04:06'),
(17, 1, 1, '2018-04-16 14:18:00', NULL, 53, '500', NULL, 1, NULL, 1, 'service_orders', NULL, NULL, NULL, '2018-04-16 08:07:33', '2018-04-16 08:07:33'),
(18, 1, 1, '2018-04-17 08:07:00', NULL, 55, '12000', NULL, 26, NULL, 1, 'service_orders', NULL, NULL, NULL, '2018-04-16 08:10:55', '2018-04-16 08:10:55'),
(19, 1, 1, '2018-04-17 08:07:00', NULL, 57, '500', NULL, 1, NULL, 1, 'service_orders', NULL, NULL, NULL, '2018-04-16 08:12:41', '2018-04-16 08:12:41'),
(20, 1, 1, '2018-04-17 08:07:00', NULL, 59, '500', NULL, 1, NULL, 1, 'service_orders', NULL, NULL, NULL, '2018-04-16 08:12:53', '2018-04-16 08:12:53'),
(21, 1, 1, '2018-04-17 09:08:00', NULL, 66, '1200099', NULL, 26, NULL, 1, 'service_orders', NULL, NULL, NULL, '2018-04-16 09:09:26', '2018-04-16 09:09:26'),
(22, 1, 1, '2018-04-18 07:15:00', NULL, 68, '120000', NULL, 26, NULL, 1, 'service_orders', NULL, NULL, NULL, '2018-04-17 07:16:00', '2018-04-17 07:16:00'),
(23, 1, 1, '2018-04-25 06:05:00', NULL, 72, '1200', NULL, 31, NULL, 1, 'service_orders', NULL, NULL, NULL, '2018-04-18 06:08:57', '2018-04-18 06:08:57'),
(24, 1, 1, '2018-04-20 11:54:00', NULL, 76, '24456', NULL, 31, NULL, 1, 'service_orders', NULL, NULL, NULL, '2018-04-18 11:55:36', '2018-04-18 11:55:36'),
(25, 1, 1, '2018-04-20 11:58:00', NULL, 78, '12', NULL, 31, NULL, 1, 'service_orders', NULL, NULL, NULL, '2018-04-18 11:59:00', '2018-04-18 11:59:00'),
(26, 1, 1, '2018-01-02 14:20:20', '2018-01-02 15:20:20', 82, '500', NULL, 35, NULL, 1, 'service_orders', NULL, NULL, NULL, '2018-04-19 12:27:09', '2018-04-19 12:27:09'),
(27, 1, 1, '2018-04-20 12:43:00', '2018-04-20 13:43:00', 83, '500', 'uvivv', 35, NULL, 1, 'service_orders', NULL, NULL, NULL, '2018-04-20 12:44:22', '2018-04-20 12:44:22'),
(28, 1, 1, '2018-01-02 14:20:20', '2018-01-02 15:20:20', 84, '500', NULL, 35, NULL, 1, 'service_orders', NULL, NULL, NULL, '2018-04-20 12:46:47', '2018-04-20 12:46:47'),
(29, 1, 1, '2018-04-28 06:53:00', '2018-04-27 06:53:00', 85, '1200', NULL, 38, NULL, 1, 'service_orders', NULL, NULL, NULL, '2018-04-26 06:54:26', '2018-04-26 06:54:26'),
(30, 1, 1, '2018-04-27 06:56:00', '2018-04-28 06:56:00', 86, '1200', NULL, 38, NULL, 1, 'service_orders', NULL, NULL, NULL, '2018-04-26 06:57:02', '2018-04-26 06:57:02'),
(31, 1, 1, '2018-04-26 09:34:00', '2018-04-26 12:34:00', 87, '5000', 'II iin o', 35, NULL, 1, 'service_orders', NULL, NULL, NULL, '2018-04-26 09:35:11', '2018-04-26 09:35:11'),
(32, 1, 1, '2018-04-27 10:56:00', '2018-04-27 11:56:00', 88, '100000', NULL, 38, NULL, 1, 'service_orders', NULL, NULL, NULL, '2018-04-26 09:57:05', '2018-04-26 09:57:05'),
(33, 1, 1, '2018-04-26 11:21:00', '2018-04-27 12:21:00', 89, '09090', NULL, 38, NULL, 1, 'service_orders', NULL, NULL, NULL, '2018-04-26 10:22:06', '2018-05-15 05:41:22'),
(34, 1, 1, '2018-05-01 13:22:00', '2018-05-01 15:22:00', 90, '100', NULL, 38, NULL, 1, 'service_orders', NULL, NULL, NULL, '2018-04-26 13:24:14', '2018-04-26 13:24:14'),
(35, 1, 1, '2018-04-27 13:40:00', '2018-04-27 15:44:00', 91, '100', NULL, 38, NULL, 1, 'service_orders', NULL, NULL, NULL, '2018-04-26 13:42:39', '2018-04-26 13:42:39'),
(36, 1, 1, '2018-04-27 13:43:00', '2018-04-28 13:43:00', 92, '1234455667', NULL, 38, NULL, 1, 'service_orders', NULL, NULL, NULL, '2018-04-26 13:44:21', '2018-04-26 13:44:21'),
(39, 1, 1, '2018-05-16 14:39:00', '2018-05-17 14:39:00', 121, '55555', NULL, 38, 8, 2, 'service_orders', NULL, NULL, NULL, '2018-05-15 14:40:20', '2018-05-16 00:55:53'),
(40, 1, 2, '2018-05-16 05:42:00', '2018-05-21 08:42:00', 123, '1230000', NULL, 38, 8, 2, 'service_orders', NULL, NULL, NULL, '2018-05-16 05:43:32', '2018-05-16 06:51:13'),
(41, 1, 1, '2018-05-17 10:01:00', '2018-05-19 10:01:00', 126, '3200', NULL, 39, 8, 2, 'service_orders', NULL, NULL, NULL, '2018-05-16 10:01:59', '2018-05-16 10:04:46'),
(42, 1, 1, '2018-05-17 04:45:00', '2018-05-17 08:46:00', 127, '6000', 'щтщтзтз', 35, NULL, 1, 'service_orders', NULL, NULL, NULL, '2018-05-17 04:48:02', '2018-05-17 04:48:02'),
(43, 1, 1, '2018-05-17 04:48:00', '2018-05-17 07:48:00', 128, '5000', 'дзтишт', 35, NULL, 1, 'service_orders', NULL, NULL, NULL, '2018-05-17 04:50:16', '2018-05-17 04:50:16'),
(44, 1, 1, '2018-05-24 14:18:00', '2018-05-24 14:19:00', 136, '889900', NULL, 1, 10, 3, 'service_orders', NULL, NULL, NULL, '2018-05-24 06:53:40', '2018-05-24 07:20:34'),
(45, 1, 1, '2018-05-24 14:18:00', '2018-05-24 14:19:00', 139, '66333', NULL, 1, 1, 2, 'service_orders', NULL, NULL, NULL, '2018-05-24 07:35:34', '2018-05-24 07:38:30'),
(46, 1, 1, '2018-05-25 06:51:00', '2018-05-25 10:51:00', 140, '9000', 'Gyvyyg', 35, 14, 3, 'service_orders', NULL, NULL, NULL, '2018-05-25 06:53:31', '2018-06-01 06:40:32'),
(47, 1, 1, '2018-05-25 06:51:00', '2018-05-25 10:51:00', 141, '9000', 'Gyvyyg', 35, 14, 3, 'service_orders', NULL, NULL, NULL, '2018-05-25 06:53:32', '2018-06-01 06:22:14'),
(48, 1, 1, '2018-01-05 18:00:00', '2018-02-05 18:00:00', 142, '230765', NULL, 38, 11, 3, 'service_orders', NULL, NULL, NULL, '2018-05-31 07:10:55', '2018-06-04 07:09:55'),
(49, 1, 1, '2018-06-04 03:30:00', '2018-06-04 10:00:00', 143, '30000', 'билборд', 1, NULL, 1, 'service_orders', NULL, NULL, NULL, '2018-06-03 08:05:41', '2018-06-03 08:05:41'),
(50, 1, 1, '2018-06-04 03:30:00', '2018-06-04 10:00:00', 144, '30000', 'билборд', 1, NULL, 1, 'service_orders', NULL, NULL, NULL, '2018-06-03 08:05:42', '2018-06-03 08:05:42'),
(51, 1, 1, '2018-06-04 03:30:00', '2018-06-04 10:00:00', 145, '30000', 'билборд', 1, NULL, 1, 'service_orders', NULL, NULL, NULL, '2018-06-03 08:05:44', '2018-06-03 08:05:44'),
(52, 1, 1, '2018-06-04 03:30:00', '2018-06-04 10:00:00', 146, '30000', 'билборд', 1, NULL, 1, 'service_orders', NULL, NULL, NULL, '2018-06-03 08:05:45', '2018-06-03 08:05:45'),
(53, 1, 1, '2018-06-04 02:10:00', '2018-06-05 12:30:00', 147, '50000', 'пррььььь', 1, NULL, 1, 'service_orders', NULL, NULL, NULL, '2018-06-03 08:15:20', '2018-06-03 08:15:20'),
(55, 1, 1, '2018-06-05 03:00:00', '2018-06-05 12:00:00', 153, '5000', 'прчроо', 1, NULL, 1, 'service_orders', NULL, NULL, NULL, '2018-06-04 10:17:52', '2018-06-04 10:17:52'),
(56, 1, 1, '2018-10-05 18:00:00', '2018-10-05 18:00:00', 154, '120000', NULL, 38, NULL, 1, 'service_orders', NULL, NULL, NULL, '2018-06-08 11:50:43', '2018-06-08 11:50:43'),
(57, 1, 1, '2018-08-05 18:00:00', '2018-08-05 18:00:00', 155, '8990', NULL, 42, 16, 3, 'service_orders', NULL, NULL, NULL, '2018-06-08 15:14:14', '2018-06-08 15:16:40'),
(58, 1, 1, '2018-06-11 08:19:00', '2018-06-15 08:19:00', 156, '5000', 'Jsjjdhd', 41, 15, 2, 'service_orders', NULL, NULL, NULL, '2018-06-11 08:21:05', '2018-06-11 08:35:16'),
(59, 1, 1, '2018-06-11 08:43:00', '2018-06-11 13:43:00', 157, '9999', 'Rvrv', 41, 15, 3, 'service_orders', NULL, NULL, NULL, '2018-06-11 08:45:36', '2018-06-12 06:32:06'),
(60, 1, 1, '2018-06-11 09:53:00', '2018-12-11 09:53:00', 164, '250', 'Bbsbs', 41, NULL, 1, 'service_orders', NULL, NULL, NULL, '2018-06-11 09:55:26', '2018-06-11 09:55:26'),
(61, 1, 1, '2018-06-11 09:59:00', '2020-06-11 09:59:00', 165, '147', 'Kbobo', 41, NULL, 1, 'service_orders', NULL, NULL, NULL, '2018-06-11 10:05:11', '2018-06-11 10:05:11'),
(62, 1, 1, '2018-06-11 10:41:00', '2018-06-11 16:41:00', 166, '8888', 'Hhh', 41, NULL, 1, 'service_orders', NULL, NULL, NULL, '2018-06-11 10:42:58', '2018-06-11 10:42:58'),
(63, 1, 1, '2018-06-11 10:41:00', '2018-06-11 16:41:00', 167, '8888', 'Hhh', 41, 15, 3, 'service_orders', NULL, NULL, NULL, '2018-06-11 10:43:05', '2018-06-12 06:29:11'),
(64, 1, 1, '2018-06-11 10:41:00', '2018-06-11 16:41:00', 168, '8888', 'Hhh', 41, NULL, 1, 'service_orders', NULL, NULL, NULL, '2018-06-11 10:43:10', '2018-06-11 10:43:10'),
(65, 1, 1, '2018-06-11 10:41:00', '2018-06-11 16:41:00', 169, '8888', 'Hhh', 41, 15, 3, 'service_orders', NULL, NULL, NULL, '2018-06-11 10:43:14', '2018-06-12 06:39:41'),
(66, 1, 1, '2018-06-11 10:41:00', '2018-06-11 16:41:00', 170, '8888', 'Hhh', 41, NULL, 1, 'service_orders', NULL, NULL, NULL, '2018-06-11 10:43:33', '2018-06-11 10:43:33'),
(67, 1, 1, '2018-06-11 10:41:00', '2018-06-11 16:41:00', 171, '8888', 'Hhh', 41, 15, 3, 'service_orders', NULL, NULL, NULL, '2018-06-11 10:43:44', '2018-06-12 08:18:54'),
(68, 1, 1, '2018-06-11 10:41:00', '2018-06-11 16:41:00', 172, '8888', 'Hhh', 41, 15, 2, 'service_orders', NULL, NULL, NULL, '2018-06-11 11:03:34', '2018-06-12 08:11:07'),
(69, 1, 1, '2018-06-12 05:21:00', '2018-06-12 10:21:00', 173, '800', 'Nnnn', 41, 15, 3, 'service_orders', NULL, NULL, NULL, '2018-06-12 05:23:12', '2018-06-12 08:09:13'),
(70, 1, 1, '2018-06-12 05:27:00', '2018-06-12 09:27:00', 174, '900', 'Nnb', 41, 15, 3, 'service_orders', NULL, NULL, NULL, '2018-06-12 05:29:20', '2018-06-12 09:07:12'),
(71, 1, 1, '2018-06-12 05:27:00', '2018-06-12 09:27:00', 175, '900', 'Nnb', 41, 15, 2, 'service_orders', NULL, NULL, NULL, '2018-06-12 05:29:24', '2018-06-12 05:32:35'),
(72, 1, 1, '2018-06-12 05:27:00', '2018-06-12 09:27:00', 176, '900', 'Nnb', 41, 15, 3, 'service_orders', NULL, NULL, NULL, '2018-06-12 05:29:28', '2018-06-12 08:39:30'),
(73, 1, 1, '2018-06-12 05:27:00', '2018-06-12 09:27:00', 177, '900', 'Nnb', 41, 15, 2, 'service_orders', NULL, NULL, NULL, '2018-06-12 05:29:28', '2018-06-12 07:31:51'),
(74, 1, 1, '2018-06-12 07:59:00', '2018-06-12 14:59:00', 178, '8000', 'Gg', 41, 15, 2, 'service_orders', NULL, NULL, NULL, '2018-06-12 08:01:26', '2018-06-12 08:08:06'),
(75, 1, 1, '2018-06-12 08:43:00', '2018-06-12 13:43:00', 179, '500', 'Jjjjj', 41, 15, 3, 'service_orders', NULL, NULL, NULL, '2018-06-12 08:45:13', '2018-06-12 08:57:19'),
(76, 1, 1, '2018-06-12 09:03:00', '2018-06-12 14:03:00', 180, '600', 'Hhhhh', 41, 15, 3, 'service_orders', NULL, NULL, NULL, '2018-06-12 09:05:16', '2018-06-12 09:05:49'),
(77, 1, 1, '2018-06-12 14:18:00', '2018-06-12 14:19:00', 181, '500', NULL, 1, NULL, 1, 'service_orders', NULL, NULL, NULL, '2018-06-12 14:34:23', '2018-06-12 14:34:23'),
(78, 1, 1, '2018-06-15 18:00:00', '2018-06-17 18:00:00', 182, '500', NULL, 42, NULL, 1, 'service_orders', NULL, NULL, NULL, '2018-06-12 18:33:40', '2018-06-12 18:33:40'),
(79, 1, 1, '2018-06-15 18:00:00', '2018-06-17 18:00:00', 183, '500', NULL, 42, NULL, 1, 'service_orders', NULL, NULL, NULL, '2018-06-12 18:33:57', '2018-06-12 18:33:57'),
(80, 1, 1, '2018-06-21 18:00:00', '2018-06-23 18:00:00', 184, '2590', NULL, 42, NULL, 1, 'service_orders', NULL, NULL, NULL, '2018-06-13 05:11:11', '2018-06-13 05:11:11'),
(81, 1, 1, '2018-06-14 05:15:00', '2018-06-12 22:15:00', 185, '5555555', NULL, 42, NULL, 1, 'service_orders', NULL, NULL, NULL, '2018-06-13 05:16:14', '2018-06-13 05:16:14'),
(82, 1, 1, '2018-06-12 19:24:00', '2018-06-12 23:26:00', 186, '2410', NULL, 42, NULL, 1, 'service_orders', NULL, NULL, NULL, '2018-06-13 05:25:37', '2018-06-13 05:25:37'),
(83, 1, 1, '2018-06-14 05:34:00', '2018-06-14 11:34:00', 187, '54321', NULL, 42, NULL, 1, 'service_orders', NULL, NULL, NULL, '2018-06-13 05:34:49', '2018-06-13 05:34:49'),
(84, 1, 1, '2018-06-13 08:39:00', '2018-06-13 13:39:00', 188, '111', NULL, 42, 16, 3, 'service_orders', NULL, NULL, NULL, '2018-06-13 05:40:21', '2018-06-13 06:03:09'),
(85, 1, 1, '2018-06-13 06:34:00', '2018-06-13 11:35:00', 189, '9800', 'Qwerty', 41, NULL, 1, 'service_orders', NULL, NULL, NULL, '2018-06-13 06:36:59', '2018-06-13 06:36:59'),
(87, 1, 1, '2018-06-14 18:24:00', '2018-06-15 10:24:00', 197, '322', NULL, 42, NULL, 1, 'service_orders', NULL, NULL, NULL, '2018-06-13 18:25:24', '2018-06-13 18:25:24'),
(88, 1, 1, '2018-06-14 07:48:00', '2018-06-13 06:48:00', 198, '7777', NULL, 43, 17, 3, 'service_orders', NULL, NULL, NULL, '2018-06-14 06:49:05', '2018-06-14 14:38:37'),
(89, 1, 1, '2018-06-14 07:54:00', '2018-06-14 11:54:00', 199, '963', 'Bxbd', 41, 15, 3, 'service_orders', NULL, NULL, NULL, '2018-06-14 07:56:13', '2018-06-14 07:57:07'),
(90, 1, 1, '2018-06-14 03:00:00', '2018-06-16 12:11:00', 200, '5577', 'осы', 1, NULL, 1, 'service_orders', NULL, NULL, NULL, '2018-06-14 12:13:25', '2018-06-14 12:13:25'),
(91, 1, 1, '2018-06-15 04:44:00', '2018-06-16 14:44:00', 201, '555555', NULL, 43, NULL, 1, 'service_orders', NULL, NULL, NULL, '2018-06-14 14:48:32', '2018-06-14 14:48:32'),
(92, 1, 1, '2018-06-15 04:44:00', '2018-06-16 14:44:00', 202, '99999', NULL, 43, NULL, 1, 'service_orders', NULL, NULL, NULL, '2018-06-14 14:49:38', '2018-06-15 11:24:13'),
(93, 1, 1, '2018-06-15 13:04:00', '2018-06-15 14:04:00', 207, '1111', NULL, 43, NULL, 1, 'service_orders', NULL, NULL, NULL, '2018-06-15 12:06:57', '2018-06-15 12:06:57'),
(94, 1, 1, '2018-06-15 13:04:00', '2018-06-15 14:04:00', 208, '1111', NULL, 43, 17, 2, 'service_orders', NULL, NULL, NULL, '2018-06-15 12:07:14', '2018-06-15 12:11:00'),
(95, 1, 1, '2019-10-23 14:18:00', NULL, 211, '500', NULL, 1, NULL, 1, 'service_orders', '50', NULL, NULL, '2019-10-23 04:26:11', '2019-10-23 04:26:11'),
(96, 1, 1, '2019-10-23 14:18:00', NULL, 212, '500', NULL, 1, NULL, 1, 'service_orders', '50', NULL, NULL, '2019-10-23 04:26:23', '2019-10-23 04:26:23'),
(97, 1, 1, '2020-03-29 17:18:00', NULL, 214, '500', NULL, 41, NULL, 1, 'service_orders', '50', NULL, NULL, '2020-03-29 18:01:33', '2020-03-29 18:01:33'),
(98, 1, 1, '2020-03-31 17:18:00', NULL, 215, '500', NULL, 41, NULL, 1, 'service_orders', '50', NULL, NULL, '2020-03-31 06:43:19', '2020-03-31 06:43:19'),
(99, 1, 1, '2020-03-31 17:18:00', NULL, 218, '500', NULL, 41, NULL, 1, 'service_orders', '50', NULL, NULL, '2020-03-31 11:42:09', '2020-03-31 11:42:09'),
(100, 1, 1, '2020-03-31 17:18:00', NULL, 219, '500', NULL, 41, NULL, 1, 'service_orders', '50', NULL, NULL, '2020-03-31 15:30:27', '2020-03-31 15:30:27'),
(101, 1, 1, '2020-04-01 17:18:00', NULL, 222, '500', NULL, 41, NULL, 1, 'service_orders', '50', NULL, NULL, '2020-04-01 14:03:27', '2020-04-01 14:03:27'),
(102, 1, 1, '2020-04-01 17:18:00', NULL, 223, '500', 'service_orders', 41, NULL, 1, 'service_orders', '50', NULL, NULL, '2020-04-01 14:05:32', '2020-04-01 14:05:32'),
(103, 4, 2, '2020-04-29 21:00:00', NULL, 224, '3000', 'undefined', 41, NULL, 1, 'service_orders', '21:45', NULL, NULL, '2020-04-01 14:59:54', '2020-04-01 14:59:54'),
(104, 1, 1, '2020-04-01 17:18:00', NULL, 226, '500', 'djaaj jaf djsdlfjsldkfjlksdjflsd', 41, NULL, 1, 'service_orders', '50', NULL, NULL, '2020-04-01 16:52:23', '2020-04-01 16:52:23'),
(105, 1, 1, '2020-04-01 17:18:00', NULL, 227, '500', 'djaaj jaf djsdlfjsldkfjlksdjflsd', 41, NULL, 2, 'service_orders', '50', '2020-04-02 16:07:13', NULL, '2020-04-01 16:55:00', '2020-04-02 16:07:13'),
(106, 1, 1, '2020-04-01 17:18:00', NULL, 228, '500', 'djaaj jaf djsdlfjsldkfjlksdjflsd', 41, NULL, 3, 'service_orders', '50', '2020-04-01 17:02:26', '2020-04-01 17:05:00', '2020-04-01 16:56:11', '2020-04-01 17:05:00'),
(107, 1, 1, '2020-04-01 17:18:00', NULL, 229, '500', NULL, 41, NULL, 1, 'service_orders', '50', NULL, NULL, '2020-04-01 17:57:40', '2020-04-02 19:46:15'),
(108, 1, 1, '2020-04-01 17:18:00', NULL, 230, '500', 'sdskdfjsldkfjl', 1, NULL, 1, 'service_orders', '50', NULL, NULL, '2020-04-01 17:59:00', '2020-04-01 17:59:00'),
(109, 1, 1, '2020-04-03 17:18:00', NULL, 233, '500', 'sdskdfjsldkfjl', 41, NULL, 1, 'service_orders', '50', NULL, NULL, '2020-04-03 06:23:17', '2020-04-03 06:23:17'),
(110, 1, 1, '2020-04-03 17:18:00', NULL, 234, '500', NULL, 1, NULL, 1, 'service_orders', '50', NULL, NULL, '2020-04-03 12:05:37', '2020-04-03 12:05:37'),
(111, 1, 1, '2020-04-03 17:18:00', NULL, 235, '500', NULL, 1, NULL, 1, 'service_orders', '50', NULL, NULL, '2020-04-03 12:16:09', '2020-04-03 12:16:09'),
(112, 1, 1, '2020-04-03 17:18:00', NULL, 236, '500', NULL, 1, NULL, 1, 'service_orders', '50', NULL, NULL, '2020-04-03 12:17:32', '2020-04-03 12:17:32'),
(113, 1, 1, '2020-04-03 17:18:00', NULL, 237, '500', NULL, 1, NULL, 1, 'service_orders', '50', NULL, NULL, '2020-04-03 12:18:36', '2020-04-03 12:18:36');

-- --------------------------------------------------------

--
-- Структура таблицы `shipping_drivers`
--

CREATE TABLE `shipping_drivers` (
  `id` int(11) NOT NULL,
  `shipping_order_id` int(11) NOT NULL,
  `driver_id` int(11) NOT NULL,
  `created_at` timestamp NOT NULL DEFAULT CURRENT_TIMESTAMP,
  `updated_at` timestamp NOT NULL DEFAULT CURRENT_TIMESTAMP
) ENGINE=InnoDB DEFAULT CHARSET=utf8mb4 COLLATE=utf8mb4_unicode_ci;

--
-- Дамп данных таблицы `shipping_drivers`
--

INSERT INTO `shipping_drivers` (`id`, `shipping_order_id`, `driver_id`, `created_at`, `updated_at`) VALUES
(1, 45, 1, '2020-04-01 14:10:55', '2020-04-01 14:10:55');

-- --------------------------------------------------------

--
-- Структура таблицы `shipping_options`
--

CREATE TABLE `shipping_options` (
  `id` int(11) NOT NULL,
  `shipping_order_id` int(11) NOT NULL,
  `option_id` int(11) NOT NULL,
  `created_at` timestamp NOT NULL DEFAULT CURRENT_TIMESTAMP,
  `updated_at` timestamp NOT NULL DEFAULT CURRENT_TIMESTAMP
) ENGINE=InnoDB DEFAULT CHARSET=utf8mb4 COLLATE=utf8mb4_unicode_ci;

--
-- Дамп данных таблицы `shipping_options`
--

INSERT INTO `shipping_options` (`id`, `shipping_order_id`, `option_id`, `created_at`, `updated_at`) VALUES
(1, 28, 1, '2019-10-23 04:49:00', '2019-10-23 04:49:00'),
(2, 28, 2, '2019-10-23 04:49:00', '2019-10-23 04:49:00'),
(3, 29, 1, '2019-10-23 04:50:26', '2019-10-23 04:50:26'),
(4, 29, 2, '2019-10-23 04:50:26', '2019-10-23 04:50:26'),
(5, 30, 1, '2019-10-23 04:51:30', '2019-10-23 04:51:30'),
(6, 30, 2, '2019-10-23 04:51:30', '2019-10-23 04:51:30'),
(7, 31, 1, '2019-10-23 04:53:01', '2019-10-23 04:53:01'),
(8, 31, 2, '2019-10-23 04:53:01', '2019-10-23 04:53:01'),
(9, 32, 1, '2019-10-23 05:51:11', '2019-10-23 05:51:11'),
(10, 32, 2, '2019-10-23 05:51:11', '2019-10-23 05:51:11'),
(11, 33, 1, '2019-10-23 05:52:14', '2019-10-23 05:52:14'),
(12, 33, 2, '2019-10-23 05:52:14', '2019-10-23 05:52:14'),
(13, 34, 1, '2019-10-23 05:53:38', '2019-10-23 05:53:38'),
(14, 34, 2, '2019-10-23 05:53:38', '2019-10-23 05:53:38'),
(15, 35, 1, '2019-10-23 05:54:34', '2019-10-23 05:54:34'),
(16, 35, 2, '2019-10-23 05:54:34', '2019-10-23 05:54:34'),
(17, 36, 1, '2019-10-23 05:54:56', '2019-10-23 05:54:56'),
(18, 36, 2, '2019-10-23 05:54:56', '2019-10-23 05:54:56'),
(19, 37, 1, '2019-10-23 05:55:16', '2019-10-23 05:55:16'),
(20, 37, 2, '2019-10-23 05:55:16', '2019-10-23 05:55:16'),
(21, 38, 1, '2019-10-23 05:55:29', '2019-10-23 05:55:29'),
(22, 38, 2, '2019-10-23 05:55:29', '2019-10-23 05:55:29'),
(23, 39, 1, '2019-10-23 05:56:14', '2019-10-23 05:56:14'),
(24, 39, 2, '2019-10-23 05:56:14', '2019-10-23 05:56:14'),
(25, 40, 1, '2019-10-23 05:59:25', '2019-10-23 05:59:25'),
(26, 40, 2, '2019-10-23 05:59:25', '2019-10-23 05:59:25'),
(27, 41, 1, '2019-10-23 05:59:40', '2019-10-23 05:59:40'),
(28, 41, 2, '2019-10-23 05:59:40', '2019-10-23 05:59:40'),
(29, 42, 1, '2020-03-29 18:08:19', '2020-03-29 18:08:19'),
(30, 42, 2, '2020-03-29 18:08:19', '2020-03-29 18:08:19'),
(31, 43, 1, '2020-03-31 06:49:22', '2020-03-31 06:49:22'),
(32, 43, 2, '2020-03-31 06:49:22', '2020-03-31 06:49:22'),
(33, 44, 1, '2020-03-31 15:31:16', '2020-03-31 15:31:16'),
(34, 44, 2, '2020-03-31 15:31:16', '2020-03-31 15:31:16'),
(35, 45, 1, '2020-04-01 17:07:27', '2020-04-01 17:07:27'),
(36, 45, 2, '2020-04-01 17:07:27', '2020-04-01 17:07:27');

-- --------------------------------------------------------

--
-- Структура таблицы `shipping_orders`
--

CREATE TABLE `shipping_orders` (
  `id` int(10) UNSIGNED NOT NULL,
  `transport_id` int(10) DEFAULT NULL,
  `to_address_id` int(11) DEFAULT NULL,
  `date` timestamp NULL DEFAULT NULL,
  `price` varchar(255) COLLATE utf8mb4_unicode_ci DEFAULT NULL,
  `description` text COLLATE utf8mb4_unicode_ci,
  `client_id` int(11) NOT NULL,
  `driver_id` int(11) DEFAULT NULL,
  `type` varchar(255) COLLATE utf8mb4_unicode_ci NOT NULL,
  `step` int(1) NOT NULL DEFAULT '1',
  `work_start` timestamp NULL DEFAULT NULL,
  `work_end` timestamp NULL DEFAULT NULL,
  `size` varchar(20) COLLATE utf8mb4_unicode_ci DEFAULT NULL,
  `weight` varchar(20) COLLATE utf8mb4_unicode_ci DEFAULT NULL,
  `from` varchar(255) COLLATE utf8mb4_unicode_ci DEFAULT NULL,
  `from_city_id` int(11) DEFAULT NULL,
  `created_at` timestamp NULL DEFAULT NULL,
  `updated_at` timestamp NULL DEFAULT NULL
) ENGINE=InnoDB DEFAULT CHARSET=utf8mb4 COLLATE=utf8mb4_unicode_ci;

--
-- Дамп данных таблицы `shipping_orders`
--

INSERT INTO `shipping_orders` (`id`, `transport_id`, `to_address_id`, `date`, `price`, `description`, `client_id`, `driver_id`, `type`, `step`, `work_start`, `work_end`, `size`, `weight`, `from`, `from_city_id`, `created_at`, `updated_at`) VALUES
(3, 1, 45, '2018-12-19 18:00:00', '5000', 'my text', 1, NULL, 'shipping_orders', 3, NULL, '2020-03-30 16:55:48', NULL, NULL, NULL, NULL, '2018-04-16 05:31:34', '2020-03-30 16:55:48'),
(4, 1, 49, '2017-03-22 07:22:13', '1200000', 'Descriptionnnnnnnnnnnnnnnnnnnnnnnnn', 26, 1, 'shipping_orders', 2, NULL, NULL, NULL, NULL, NULL, NULL, '2018-04-16 06:00:13', '2018-05-04 23:50:43'),
(5, 1, 62, '2017-03-22 07:22:13', '1200', 'Sddffgghj', 26, NULL, 'shipping_orders', 1, NULL, NULL, NULL, NULL, NULL, NULL, '2018-04-16 08:31:14', '2018-04-16 08:31:14'),
(6, 1, 70, '2017-03-22 07:22:13', '1230000', 'Sodas dad dads', 26, NULL, 'shipping_orders', 1, NULL, NULL, NULL, NULL, NULL, NULL, '2018-04-17 07:16:56', '2018-04-17 07:16:56'),
(7, 1, 74, '2017-03-22 07:22:13', '1300', 'Qweqweqweqw', 31, NULL, 'shipping_orders', 1, NULL, NULL, NULL, NULL, NULL, NULL, '2018-04-18 06:16:02', '2018-04-18 06:16:02'),
(8, 1, 80, '2017-03-22 07:22:13', '1345', 'Рыоволвдвд', 31, NULL, 'shipping_orders', 1, NULL, NULL, NULL, NULL, NULL, NULL, '2018-04-18 12:00:57', '2018-04-18 12:00:57'),
(9, 1, 93, '2018-12-19 18:00:00', '5000', 'my text', 1, NULL, 'shipping_orders', 1, NULL, NULL, NULL, NULL, NULL, NULL, '2018-04-26 13:48:39', '2018-04-26 13:48:39'),
(10, 1, 95, '2018-12-19 18:00:00', '5000', 'my text', 38, 7, 'shipping_orders', 2, NULL, NULL, NULL, NULL, NULL, NULL, '2018-04-26 13:49:07', '2018-05-16 08:06:54'),
(11, 2, 97, '2018-04-29 00:24:00', '123', 'Zhsgwjfjdj', 38, 6, 'shipping_orders', 2, NULL, NULL, NULL, NULL, NULL, NULL, '2018-04-27 00:24:50', '2018-05-16 00:24:46'),
(12, 1, 101, '2018-03-26 18:00:00', '50000', 'yvyvy', 35, NULL, 'shipping_orders', 1, NULL, NULL, NULL, NULL, NULL, NULL, '2018-04-27 09:31:35', '2018-04-27 09:31:35'),
(13, 1, 103, '2018-03-26 18:00:00', '50000', 'yvyvy', 35, NULL, 'shipping_orders', 1, NULL, NULL, NULL, NULL, NULL, NULL, '2018-04-27 09:31:36', '2018-04-27 09:31:36'),
(14, 1, 105, '2018-03-31 18:00:00', '650', 'test for ff is for', 35, NULL, 'shipping_orders', 1, NULL, NULL, NULL, NULL, NULL, NULL, '2018-04-27 09:34:25', '2018-04-27 09:34:25'),
(15, 1, 106, '2018-03-31 18:00:00', '650', 'test for ff is for', 35, 7, 'shipping_orders', 2, NULL, NULL, NULL, NULL, NULL, NULL, '2018-04-27 09:34:26', '2018-05-15 13:50:20'),
(16, 1, 109, '2018-03-31 18:00:00', '650', 'test for ff is for', 35, NULL, 'shipping_orders', 1, NULL, NULL, NULL, NULL, NULL, NULL, '2018-04-27 09:34:39', '2018-04-27 09:34:39'),
(17, 2, 111, '2018-03-26 18:00:00', '600', 'yf fff', 35, NULL, 'shipping_orders', 1, NULL, NULL, NULL, NULL, NULL, NULL, '2018-04-27 09:39:01', '2018-04-27 09:39:01'),
(18, 2, 113, '2018-03-29 18:00:00', '8000', 'ivuvyg', 35, 7, 'shipping_orders', 2, NULL, NULL, NULL, NULL, NULL, NULL, '2018-04-27 09:42:42', '2018-05-11 10:31:27'),
(19, 1, 124, '2018-05-17 10:00:00', '321000', 'Qqqqqq', 39, NULL, 'shipping_orders', 1, NULL, NULL, NULL, NULL, NULL, NULL, '2018-05-16 10:01:08', '2018-05-16 10:01:08'),
(20, 2, 148, '2018-05-05 18:00:00', '223311', 'Asdasdasdasdas', 38, 11, 'shipping_orders', 3, NULL, NULL, NULL, NULL, NULL, NULL, '2018-06-04 05:42:23', '2018-06-05 07:09:43'),
(21, 1, 158, '2018-12-19 18:00:00', '5000', 'my text', 1, NULL, 'shipping_orders', 1, NULL, NULL, NULL, NULL, NULL, NULL, '2018-06-11 08:47:39', '2018-06-11 08:47:39'),
(22, 1, 160, '2018-06-10 18:00:00', '98000', 'Test', 41, NULL, 'shipping_orders', 1, NULL, NULL, NULL, NULL, NULL, NULL, '2018-06-11 09:06:11', '2018-06-11 09:06:11'),
(23, 1, 190, '2018-06-12 18:00:00', '8000', 'Jhgfd', 41, 15, 'shipping_orders', 3, NULL, NULL, NULL, NULL, NULL, NULL, '2018-06-13 06:37:37', '2018-06-13 06:50:22'),
(24, 1, 193, '2018-06-13 18:00:00', '5000', 'Промаро ооллор', 43, NULL, 'shipping_orders', 1, NULL, NULL, NULL, NULL, NULL, NULL, '2018-06-13 12:58:35', '2018-06-13 12:58:35'),
(25, 1, 203, '2018-06-15 18:00:00', '5555', 'прролл', 43, NULL, 'shipping_orders', 1, NULL, NULL, NULL, NULL, NULL, NULL, '2018-06-15 11:18:31', '2018-06-15 11:18:31'),
(26, 1, 205, '2018-06-14 18:00:00', '5888', 'моооопро', 43, 17, 'shipping_orders', 3, NULL, NULL, NULL, NULL, NULL, NULL, '2018-06-15 11:32:25', '2018-06-15 11:46:05'),
(27, 1, NULL, '2018-12-19 18:00:00', '5000', 'my text', 1, NULL, 'shipping_orders', 1, NULL, NULL, '1', '1', 'Кулова 445', 1, '2019-10-23 04:47:45', '2019-10-23 04:47:45'),
(28, 1, NULL, '2018-12-19 18:00:00', '500', 'my text', 1, NULL, 'shipping_orders', 1, NULL, NULL, '1', '1', 'Кулова 445', 1, '2019-10-23 04:49:00', '2020-03-31 06:55:09'),
(29, 1, NULL, '2018-12-19 18:00:00', '5000', 'my text', 1, NULL, 'shipping_orders', 1, NULL, NULL, '1', '1', 'Кулова 445', 1, '2019-10-23 04:50:26', '2019-10-23 04:50:26'),
(32, 1, NULL, '2018-12-19 18:00:00', '5000', 'my text', 1, NULL, 'shipping_orders', 1, NULL, NULL, '1', '1', 'Кулова 445', 1, '2019-10-23 05:51:11', '2019-10-23 05:51:11'),
(33, 1, NULL, '2018-12-19 18:00:00', '5000', 'my text', 1, NULL, 'shipping_orders', 1, NULL, NULL, '1', '1', 'Кулова 445', 1, '2019-10-23 05:52:14', '2019-10-23 05:52:14'),
(34, 1, NULL, '2018-12-19 18:00:00', '5000', 'my text', 1, NULL, 'shipping_orders', 1, NULL, NULL, '1', '1', 'Кулова 445', 1, '2019-10-23 05:53:38', '2019-10-23 05:53:38'),
(35, 1, NULL, '2018-12-19 18:00:00', '5000', 'my text', 1, NULL, 'shipping_orders', 1, NULL, NULL, '1', '1', 'Кулова 445', 1, '2019-10-23 05:54:34', '2019-10-23 05:54:34'),
(36, 1, NULL, '2018-12-19 18:00:00', '5000', 'my text', 1, NULL, 'shipping_orders', 1, NULL, NULL, '1', '1', 'Кулова 445', 1, '2019-10-23 05:54:56', '2019-10-23 05:54:56'),
(37, 1, NULL, '2018-12-19 18:00:00', '5000', 'my text', 1, NULL, 'shipping_orders', 1, NULL, NULL, '1', '1', 'Кулова 445', 1, '2019-10-23 05:55:16', '2019-10-23 05:55:16'),
(38, 1, NULL, '2018-12-19 18:00:00', '5000', 'my text', 1, NULL, 'shipping_orders', 1, NULL, NULL, '1', '1', 'Кулова 445', 1, '2019-10-23 05:55:29', '2019-10-23 05:55:29'),
(39, 1, NULL, '2018-12-19 18:00:00', '5000', 'my text', 1, NULL, 'shipping_orders', 1, NULL, NULL, '1', '1', 'Кулова 445', 1, '2019-10-23 05:56:14', '2019-10-23 05:56:14'),
(40, 1, NULL, '2018-12-19 18:00:00', '5000', 'my text', 1, NULL, 'shipping_orders', 1, NULL, NULL, '1', '1', 'Кулова 445', 1, '2019-10-23 05:59:25', '2019-10-23 05:59:25'),
(41, 1, NULL, '2018-12-19 18:00:00', '5000', 'my text', 1, NULL, 'shipping_orders', 1, NULL, NULL, '1', '1', 'Кулова 445', 1, '2019-10-23 05:59:40', '2019-10-23 05:59:40'),
(42, 1, NULL, '2018-12-19 21:00:00', '5000', 'my text', 1, NULL, 'shipping_orders', 1, NULL, NULL, '1', '1', 'Кулова 445', 1, '2020-03-29 18:08:19', '2020-03-29 18:08:19'),
(43, 1, NULL, '2018-12-19 21:00:00', '5000', 'my text', 1, NULL, 'shipping_orders', 1, NULL, NULL, '1', '1', 'Кулова 445', 1, '2020-03-31 06:49:22', '2020-03-31 06:49:22'),
(44, 1, NULL, '2018-12-19 21:00:00', '5000', 'my text', 1, NULL, 'shipping_orders', 3, NULL, '2020-03-31 19:17:01', '1', '1', 'Кулова 445', 1, '2020-03-31 15:31:16', '2020-03-31 19:17:01'),
(45, 1, NULL, '2018-12-19 21:00:00', '5000', 'my text', 1, NULL, 'shipping_orders', 2, '2020-04-01 17:10:55', NULL, '1', '1', 'Кулова 445', 1, '2020-04-01 17:07:27', '2020-04-01 17:10:55'),
(46, 1, NULL, '2020-04-29 21:00:00', '3000', 'skdjfls s dfkjsdjs aaaaaaaaaaaaaa', 41, NULL, 'shipping_orders', 1, NULL, NULL, '12', '4', 'Abai 125', 1, '2020-04-03 06:15:28', '2020-04-03 06:15:28');

-- --------------------------------------------------------

--
-- Структура таблицы `shipping_order_to`
--

CREATE TABLE `shipping_order_to` (
  `id` int(11) NOT NULL,
  `shipping_order_id` int(11) NOT NULL,
  `to` varchar(255) CHARACTER SET utf8mb4 COLLATE utf8mb4_unicode_ci DEFAULT NULL,
  `city_id` int(11) NOT NULL,
  `created_at` timestamp NOT NULL DEFAULT CURRENT_TIMESTAMP,
  `updated_at` timestamp NOT NULL DEFAULT CURRENT_TIMESTAMP
) ENGINE=InnoDB DEFAULT CHARSET=latin1;

--
-- Дамп данных таблицы `shipping_order_to`
--

INSERT INTO `shipping_order_to` (`id`, `shipping_order_id`, `to`, `city_id`, `created_at`, `updated_at`) VALUES
(1, 27, 'string', 1, '2019-10-23 04:47:45', '2019-10-23 04:47:45'),
(2, 28, 'string', 1, '2019-10-23 04:49:00', '2019-10-23 04:49:00'),
(3, 29, 'string', 1, '2019-10-23 04:50:26', '2019-10-23 04:50:26'),
(4, 30, 'string', 1, '2019-10-23 04:51:30', '2019-10-23 04:51:30'),
(5, 31, 'string', 1, '2019-10-23 04:53:01', '2019-10-23 04:53:01'),
(6, 32, 'string', 1, '2019-10-23 05:51:11', '2019-10-23 05:51:11'),
(7, 33, 'string', 1, '2019-10-23 05:52:14', '2019-10-23 05:52:14'),
(8, 34, 'string', 1, '2019-10-23 05:53:38', '2019-10-23 05:53:38'),
(9, 35, 'string', 1, '2019-10-23 05:54:34', '2019-10-23 05:54:34'),
(10, 36, 'string', 1, '2019-10-23 05:54:56', '2019-10-23 05:54:56'),
(11, 37, 'string', 1, '2019-10-23 05:55:16', '2019-10-23 05:55:16'),
(12, 38, 'string', 1, '2019-10-23 05:55:29', '2019-10-23 05:55:29'),
(13, 39, 'string', 1, '2019-10-23 05:56:14', '2019-10-23 05:56:14'),
(14, 40, 'string', 1, '2019-10-23 05:59:25', '2019-10-23 05:59:25'),
(15, 41, 'string', 1, '2019-10-23 05:59:40', '2019-10-23 05:59:40'),
(16, 42, 'string', 1, '2020-03-29 15:08:19', '2020-03-29 15:08:19'),
(17, 43, 'string', 1, '2020-03-31 03:49:22', '2020-03-31 03:49:22'),
(18, 44, 'string', 1, '2020-03-31 12:31:16', '2020-03-31 12:31:16'),
(19, 45, 'string', 1, '2020-04-01 14:07:27', '2020-04-01 14:07:27'),
(20, 46, 'Abai 126', 1, '2020-04-03 03:15:28', '2020-04-03 03:15:28');

-- --------------------------------------------------------

--
-- Структура таблицы `shipping_transports`
--

CREATE TABLE `shipping_transports` (
  `id` int(10) UNSIGNED NOT NULL,
  `shipping_order_id` int(11) NOT NULL,
  `transport_id` int(11) NOT NULL,
  `created_at` timestamp NULL DEFAULT NULL,
  `updated_at` timestamp NULL DEFAULT NULL
) ENGINE=InnoDB DEFAULT CHARSET=utf8mb4 COLLATE=utf8mb4_unicode_ci;

--
-- Дамп данных таблицы `shipping_transports`
--

INSERT INTO `shipping_transports` (`id`, `shipping_order_id`, `transport_id`, `created_at`, `updated_at`) VALUES
(1, 2, 1, '2018-03-20 05:21:20', '2018-03-20 05:21:20');

-- --------------------------------------------------------

--
-- Структура таблицы `transports`
--

CREATE TABLE `transports` (
  `id` int(10) UNSIGNED NOT NULL,
  `name` varchar(255) COLLATE utf8mb4_unicode_ci NOT NULL,
  `type` varchar(255) COLLATE utf8mb4_unicode_ci NOT NULL,
  `created_at` timestamp NULL DEFAULT NULL,
  `updated_at` timestamp NULL DEFAULT NULL
) ENGINE=InnoDB DEFAULT CHARSET=utf8mb4 COLLATE=utf8mb4_unicode_ci;

--
-- Дамп данных таблицы `transports`
--

INSERT INTO `transports` (`id`, `name`, `type`, `created_at`, `updated_at`) VALUES
(1, 'Автовышка', 'shipping_orders', NULL, NULL),
(2, 'Автокран', 'service_orders', NULL, NULL),
(4, 'Автобетонанасосы', 'service_orders', '2018-06-15 10:46:13', '2018-06-15 10:46:13');

-- --------------------------------------------------------

--
-- Структура таблицы `transport_types`
--

CREATE TABLE `transport_types` (
  `id` int(10) UNSIGNED NOT NULL,
  `name` varchar(255) COLLATE utf8mb4_unicode_ci NOT NULL,
  `transport_id` int(11) NOT NULL,
  `created_at` timestamp NULL DEFAULT NULL,
  `updated_at` timestamp NULL DEFAULT NULL
) ENGINE=InnoDB DEFAULT CHARSET=utf8mb4 COLLATE=utf8mb4_unicode_ci;

--
-- Дамп данных таблицы `transport_types`
--

INSERT INTO `transport_types` (`id`, `name`, `transport_id`, `created_at`, `updated_at`) VALUES
(1, 'До 10 тон', 1, NULL, NULL),
(2, 'до 20 тон', 1, NULL, NULL);

--
-- Индексы сохранённых таблиц
--

--
-- Индексы таблицы `addresses`
--
ALTER TABLE `addresses`
  ADD PRIMARY KEY (`id`);

--
-- Индексы таблицы `cars`
--
ALTER TABLE `cars`
  ADD PRIMARY KEY (`id`);

--
-- Индексы таблицы `car_materials`
--
ALTER TABLE `car_materials`
  ADD PRIMARY KEY (`id`);

--
-- Индексы таблицы `car_transports`
--
ALTER TABLE `car_transports`
  ADD PRIMARY KEY (`id`);

--
-- Индексы таблицы `cities`
--
ALTER TABLE `cities`
  ADD PRIMARY KEY (`id`);

--
-- Индексы таблицы `clients`
--
ALTER TABLE `clients`
  ADD PRIMARY KEY (`id`),
  ADD UNIQUE KEY `clients_phone_unique` (`phone`),
  ADD UNIQUE KEY `clients_token_unique` (`token`);

--
-- Индексы таблицы `count_types`
--
ALTER TABLE `count_types`
  ADD PRIMARY KEY (`id`);

--
-- Индексы таблицы `drivers`
--
ALTER TABLE `drivers`
  ADD PRIMARY KEY (`id`),
  ADD UNIQUE KEY `drivers_phone_unique` (`phone`),
  ADD UNIQUE KEY `drivers_token_unique` (`token`);

--
-- Индексы таблицы `feedbacks`
--
ALTER TABLE `feedbacks`
  ADD PRIMARY KEY (`id`);

--
-- Индексы таблицы `groups`
--
ALTER TABLE `groups`
  ADD PRIMARY KEY (`id`);

--
-- Индексы таблицы `histories`
--
ALTER TABLE `histories`
  ADD PRIMARY KEY (`id`);

--
-- Индексы таблицы `images`
--
ALTER TABLE `images`
  ADD PRIMARY KEY (`id`);

--
-- Индексы таблицы `item_drivers`
--
ALTER TABLE `item_drivers`
  ADD PRIMARY KEY (`id`);

--
-- Индексы таблицы `item_orders`
--
ALTER TABLE `item_orders`
  ADD PRIMARY KEY (`id`);

--
-- Индексы таблицы `materials`
--
ALTER TABLE `materials`
  ADD PRIMARY KEY (`id`);

--
-- Индексы таблицы `material_types`
--
ALTER TABLE `material_types`
  ADD PRIMARY KEY (`id`);

--
-- Индексы таблицы `messages`
--
ALTER TABLE `messages`
  ADD PRIMARY KEY (`id`);

--
-- Индексы таблицы `migrations`
--
ALTER TABLE `migrations`
  ADD PRIMARY KEY (`id`);

--
-- Индексы таблицы `moderators`
--
ALTER TABLE `moderators`
  ADD PRIMARY KEY (`id`);

--
-- Индексы таблицы `offers`
--
ALTER TABLE `offers`
  ADD PRIMARY KEY (`id`);

--
-- Индексы таблицы `options`
--
ALTER TABLE `options`
  ADD PRIMARY KEY (`id`);

--
-- Индексы таблицы `others`
--
ALTER TABLE `others`
  ADD PRIMARY KEY (`id`);

--
-- Индексы таблицы `participants`
--
ALTER TABLE `participants`
  ADD PRIMARY KEY (`id`);

--
-- Индексы таблицы `rangs`
--
ALTER TABLE `rangs`
  ADD PRIMARY KEY (`id`);

--
-- Индексы таблицы `regions`
--
ALTER TABLE `regions`
  ADD PRIMARY KEY (`id`);

--
-- Индексы таблицы `reviews`
--
ALTER TABLE `reviews`
  ADD PRIMARY KEY (`id`);

--
-- Индексы таблицы `service_drivers`
--
ALTER TABLE `service_drivers`
  ADD PRIMARY KEY (`id`);

--
-- Индексы таблицы `service_orders`
--
ALTER TABLE `service_orders`
  ADD PRIMARY KEY (`id`);

--
-- Индексы таблицы `shipping_drivers`
--
ALTER TABLE `shipping_drivers`
  ADD PRIMARY KEY (`id`);

--
-- Индексы таблицы `shipping_options`
--
ALTER TABLE `shipping_options`
  ADD PRIMARY KEY (`id`);

--
-- Индексы таблицы `shipping_orders`
--
ALTER TABLE `shipping_orders`
  ADD PRIMARY KEY (`id`);

--
-- Индексы таблицы `shipping_order_to`
--
ALTER TABLE `shipping_order_to`
  ADD PRIMARY KEY (`id`);

--
-- Индексы таблицы `shipping_transports`
--
ALTER TABLE `shipping_transports`
  ADD PRIMARY KEY (`id`);

--
-- Индексы таблицы `transports`
--
ALTER TABLE `transports`
  ADD PRIMARY KEY (`id`);

--
-- Индексы таблицы `transport_types`
--
ALTER TABLE `transport_types`
  ADD PRIMARY KEY (`id`);

--
-- AUTO_INCREMENT для сохранённых таблиц
--

--
-- AUTO_INCREMENT для таблицы `addresses`
--
ALTER TABLE `addresses`
  MODIFY `id` int(10) UNSIGNED NOT NULL AUTO_INCREMENT, AUTO_INCREMENT=238;
--
-- AUTO_INCREMENT для таблицы `cars`
--
ALTER TABLE `cars`
  MODIFY `id` int(10) NOT NULL AUTO_INCREMENT, AUTO_INCREMENT=64;
--
-- AUTO_INCREMENT для таблицы `car_materials`
--
ALTER TABLE `car_materials`
  MODIFY `id` int(10) NOT NULL AUTO_INCREMENT, AUTO_INCREMENT=56;
--
-- AUTO_INCREMENT для таблицы `car_transports`
--
ALTER TABLE `car_transports`
  MODIFY `id` int(11) NOT NULL AUTO_INCREMENT, AUTO_INCREMENT=65;
--
-- AUTO_INCREMENT для таблицы `cities`
--
ALTER TABLE `cities`
  MODIFY `id` int(11) NOT NULL AUTO_INCREMENT, AUTO_INCREMENT=2;
--
-- AUTO_INCREMENT для таблицы `clients`
--
ALTER TABLE `clients`
  MODIFY `id` int(10) NOT NULL AUTO_INCREMENT, AUTO_INCREMENT=49;
--
-- AUTO_INCREMENT для таблицы `count_types`
--
ALTER TABLE `count_types`
  MODIFY `id` int(10) UNSIGNED NOT NULL AUTO_INCREMENT, AUTO_INCREMENT=6;
--
-- AUTO_INCREMENT для таблицы `drivers`
--
ALTER TABLE `drivers`
  MODIFY `id` int(10) UNSIGNED NOT NULL AUTO_INCREMENT, AUTO_INCREMENT=28;
--
-- AUTO_INCREMENT для таблицы `feedbacks`
--
ALTER TABLE `feedbacks`
  MODIFY `id` int(11) NOT NULL AUTO_INCREMENT, AUTO_INCREMENT=6;
--
-- AUTO_INCREMENT для таблицы `groups`
--
ALTER TABLE `groups`
  MODIFY `id` int(10) UNSIGNED NOT NULL AUTO_INCREMENT, AUTO_INCREMENT=5;
--
-- AUTO_INCREMENT для таблицы `histories`
--
ALTER TABLE `histories`
  MODIFY `id` int(11) NOT NULL AUTO_INCREMENT, AUTO_INCREMENT=89;
--
-- AUTO_INCREMENT для таблицы `images`
--
ALTER TABLE `images`
  MODIFY `id` int(10) UNSIGNED NOT NULL AUTO_INCREMENT, AUTO_INCREMENT=106;
--
-- AUTO_INCREMENT для таблицы `item_drivers`
--
ALTER TABLE `item_drivers`
  MODIFY `id` int(11) NOT NULL AUTO_INCREMENT, AUTO_INCREMENT=2;
--
-- AUTO_INCREMENT для таблицы `item_orders`
--
ALTER TABLE `item_orders`
  MODIFY `id` int(10) UNSIGNED NOT NULL AUTO_INCREMENT, AUTO_INCREMENT=38;
--
-- AUTO_INCREMENT для таблицы `materials`
--
ALTER TABLE `materials`
  MODIFY `id` int(10) UNSIGNED NOT NULL AUTO_INCREMENT, AUTO_INCREMENT=3;
--
-- AUTO_INCREMENT для таблицы `material_types`
--
ALTER TABLE `material_types`
  MODIFY `id` int(10) UNSIGNED NOT NULL AUTO_INCREMENT, AUTO_INCREMENT=4;
--
-- AUTO_INCREMENT для таблицы `messages`
--
ALTER TABLE `messages`
  MODIFY `id` int(10) UNSIGNED NOT NULL AUTO_INCREMENT, AUTO_INCREMENT=376;
--
-- AUTO_INCREMENT для таблицы `migrations`
--
ALTER TABLE `migrations`
  MODIFY `id` int(10) UNSIGNED NOT NULL AUTO_INCREMENT, AUTO_INCREMENT=20;
--
-- AUTO_INCREMENT для таблицы `moderators`
--
ALTER TABLE `moderators`
  MODIFY `id` int(11) NOT NULL AUTO_INCREMENT, AUTO_INCREMENT=5;
--
-- AUTO_INCREMENT для таблицы `offers`
--
ALTER TABLE `offers`
  MODIFY `id` int(10) NOT NULL AUTO_INCREMENT, AUTO_INCREMENT=41;
--
-- AUTO_INCREMENT для таблицы `options`
--
ALTER TABLE `options`
  MODIFY `id` int(11) NOT NULL AUTO_INCREMENT, AUTO_INCREMENT=2;
--
-- AUTO_INCREMENT для таблицы `others`
--
ALTER TABLE `others`
  MODIFY `id` int(11) NOT NULL AUTO_INCREMENT, AUTO_INCREMENT=2;
--
-- AUTO_INCREMENT для таблицы `participants`
--
ALTER TABLE `participants`
  MODIFY `id` int(10) UNSIGNED NOT NULL AUTO_INCREMENT, AUTO_INCREMENT=5;
--
-- AUTO_INCREMENT для таблицы `rangs`
--
ALTER TABLE `rangs`
  MODIFY `id` int(10) UNSIGNED NOT NULL AUTO_INCREMENT, AUTO_INCREMENT=11;
--
-- AUTO_INCREMENT для таблицы `regions`
--
ALTER TABLE `regions`
  MODIFY `id` int(11) NOT NULL AUTO_INCREMENT, AUTO_INCREMENT=2;
--
-- AUTO_INCREMENT для таблицы `reviews`
--
ALTER TABLE `reviews`
  MODIFY `id` int(10) UNSIGNED NOT NULL AUTO_INCREMENT, AUTO_INCREMENT=20;
--
-- AUTO_INCREMENT для таблицы `service_drivers`
--
ALTER TABLE `service_drivers`
  MODIFY `id` int(11) NOT NULL AUTO_INCREMENT, AUTO_INCREMENT=3;
--
-- AUTO_INCREMENT для таблицы `service_orders`
--
ALTER TABLE `service_orders`
  MODIFY `id` int(10) UNSIGNED NOT NULL AUTO_INCREMENT, AUTO_INCREMENT=114;
--
-- AUTO_INCREMENT для таблицы `shipping_drivers`
--
ALTER TABLE `shipping_drivers`
  MODIFY `id` int(11) NOT NULL AUTO_INCREMENT, AUTO_INCREMENT=2;
--
-- AUTO_INCREMENT для таблицы `shipping_options`
--
ALTER TABLE `shipping_options`
  MODIFY `id` int(11) NOT NULL AUTO_INCREMENT, AUTO_INCREMENT=37;
--
-- AUTO_INCREMENT для таблицы `shipping_orders`
--
ALTER TABLE `shipping_orders`
  MODIFY `id` int(10) UNSIGNED NOT NULL AUTO_INCREMENT, AUTO_INCREMENT=47;
--
-- AUTO_INCREMENT для таблицы `shipping_order_to`
--
ALTER TABLE `shipping_order_to`
  MODIFY `id` int(11) NOT NULL AUTO_INCREMENT, AUTO_INCREMENT=21;
--
-- AUTO_INCREMENT для таблицы `shipping_transports`
--
ALTER TABLE `shipping_transports`
  MODIFY `id` int(10) UNSIGNED NOT NULL AUTO_INCREMENT, AUTO_INCREMENT=2;
--
-- AUTO_INCREMENT для таблицы `transports`
--
ALTER TABLE `transports`
  MODIFY `id` int(10) UNSIGNED NOT NULL AUTO_INCREMENT, AUTO_INCREMENT=5;
--
-- AUTO_INCREMENT для таблицы `transport_types`
--
ALTER TABLE `transport_types`
  MODIFY `id` int(10) UNSIGNED NOT NULL AUTO_INCREMENT, AUTO_INCREMENT=3;
/*!40101 SET CHARACTER_SET_CLIENT=@OLD_CHARACTER_SET_CLIENT */;
/*!40101 SET CHARACTER_SET_RESULTS=@OLD_CHARACTER_SET_RESULTS */;
/*!40101 SET COLLATION_CONNECTION=@OLD_COLLATION_CONNECTION */;
